[
    {
        "PrefixOrigin":  2,
        "SuffixOrigin":  4,
        "Type":  1,
        "Store":  1,
        "AddressFamily":  23,
        "AddressState":  4,
        "ifIndex":  40,
        "Caption":  null,
        "Description":  null,
        "ElementName":  null,
        "InstanceID":  null,
        "CommunicationStatus":  null,
        "DetailedStatus":  null,
        "HealthState":  null,
        "InstallDate":  null,
        "Name":  "poB:DDC=C\u003cDm\u003c\u003emDB:?BDk\u003e::/\u003e:55\u003e:55;55;",
        "OperatingStatus":  null,
        "OperationalStatus":  null,
        "PrimaryStatus":  null,
        "Status":  null,
        "StatusDescriptions":  null,
        "AvailableRequestedStates":  null,
        "EnabledDefault":  2,
        "EnabledState":  null,
        "OtherEnabledState":  null,
        "RequestedState":  12,
        "TimeOfLastStateChange":  null,
        "TransitioningToState":  12,
        "CreationClassName":  "",
        "SystemCreationClassName":  "",
        "SystemName":  "",
        "NameFormat":  null,
        "OtherTypeDescription":  null,
        "ProtocolIFType":  4096,
        "ProtocolType":  null,
        "Address":  null,
        "AddressOrigin":  0,
        "AddressType":  null,
        "IPv4Address":  null,
        "IPv6Address":  "fe80::9392:c24c:8058:a400%40",
        "IPVersionSupport":  null,
        "PrefixLength":  64,
        "SubnetMask":  null,
        "InterfaceAlias":  "vEthernet (WSL (Hyper-V firewall))",
        "InterfaceIndex":  40,
        "IPAddress":  "fe80::9392:c24c:8058:a400%40",
        "PreferredLifetime":  {
                                  "Ticks":  9223372036854775807,
                                  "Days":  10675199,
                                  "Hours":  2,
                                  "Milliseconds":  477,
                                  "Minutes":  48,
                                  "Seconds":  5,
                                  "TotalDays":  10675199.116730064,
                                  "TotalHours":  256204778.80152154,
                                  "TotalMilliseconds":  922337203685477,
                                  "TotalMinutes":  15372286728.091293,
                                  "TotalSeconds":  922337203685.47754
                              },
        "SkipAsSource":  false,
        "ValidLifetime":  {
                              "Ticks":  9223372036854775807,
                              "Days":  10675199,
                              "Hours":  2,
                              "Milliseconds":  477,
                              "Minutes":  48,
                              "Seconds":  5,
                              "TotalDays":  10675199.116730064,
                              "TotalHours":  256204778.80152154,
                              "TotalMilliseconds":  922337203685477,
                              "TotalMinutes":  15372286728.091293,
                              "TotalSeconds":  922337203685.47754
                          },
        "PSComputerName":  null
    },
    {
        "PrefixOrigin":  2,
        "SuffixOrigin":  4,
        "Type":  1,
        "Store":  1,
        "AddressFamily":  23,
        "AddressState":  3,
        "ifIndex":  6,
        "Caption":  null,
        "Description":  null,
        "ElementName":  null,
        "InstanceID":  null,
        "CommunicationStatus":  null,
        "DetailedStatus":  null,
        "HealthState":  null,
        "InstallDate":  null,
        "Name":  "poB:DD\u003cp@kDmlmD?=;AD\u003e;=@/@55@55;55;",
        "OperatingStatus":  null,
        "OperationalStatus":  null,
        "PrimaryStatus":  null,
        "Status":  null,
        "StatusDescriptions":  null,
        "AvailableRequestedStates":  null,
        "EnabledDefault":  2,
        "EnabledState":  null,
        "OtherEnabledState":  null,
        "RequestedState":  12,
        "TimeOfLastStateChange":  null,
        "TransitioningToState":  12,
        "CreationClassName":  "",
        "SystemCreationClassName":  "",
        "SystemName":  "",
        "NameFormat":  null,
        "OtherTypeDescription":  null,
        "ProtocolIFType":  4096,
        "ProtocolType":  null,
        "Address":  null,
        "AddressOrigin":  0,
        "AddressType":  null,
        "IPv4Address":  null,
        "IPv6Address":  "fe80::2f6a:cbc:5317:4136%6",
        "IPVersionSupport":  null,
        "PrefixLength":  64,
        "SubnetMask":  null,
        "InterfaceAlias":  "Local Area Connection* 2",
        "InterfaceIndex":  6,
        "IPAddress":  "fe80::2f6a:cbc:5317:4136%6",
        "PreferredLifetime":  {
                                  "Ticks":  9223372036854775807,
                                  "Days":  10675199,
                                  "Hours":  2,
                                  "Milliseconds":  477,
                                  "Minutes":  48,
                                  "Seconds":  5,
                                  "TotalDays":  10675199.116730064,
                                  "TotalHours":  256204778.80152154,
                                  "TotalMilliseconds":  922337203685477,
                                  "TotalMinutes":  15372286728.091293,
                                  "TotalSeconds":  922337203685.47754
                              },
        "SkipAsSource":  false,
        "ValidLifetime":  {
                              "Ticks":  9223372036854775807,
                              "Days":  10675199,
                              "Hours":  2,
                              "Milliseconds":  477,
                              "Minutes":  48,
                              "Seconds":  5,
                              "TotalDays":  10675199.116730064,
                              "TotalHours":  256204778.80152154,
                              "TotalMilliseconds":  922337203685477,
                              "TotalMinutes":  15372286728.091293,
                              "TotalSeconds":  922337203685.47754
                          },
        "PSComputerName":  null
    },
    {
        "PrefixOrigin":  2,
        "SuffixOrigin":  4,
        "Type":  1,
        "Store":  1,
        "AddressFamily":  23,
        "AddressState":  3,
        "ifIndex":  8,
        "Caption":  null,
        "Description":  null,
        "ElementName":  null,
        "InstanceID":  null,
        "CommunicationStatus":  null,
        "DetailedStatus":  null,
        "HealthState":  null,
        "InstallDate":  null,
        "Name":  "poB:DDBpkD\u003eC::Dpp\u003cCD@@l\u003c/B55B55;55;",
        "OperatingStatus":  null,
        "OperationalStatus":  null,
        "PrimaryStatus":  null,
        "Status":  null,
        "StatusDescriptions":  null,
        "AvailableRequestedStates":  null,
        "EnabledDefault":  2,
        "EnabledState":  null,
        "OtherEnabledState":  null,
        "RequestedState":  12,
        "TimeOfLastStateChange":  null,
        "TransitioningToState":  12,
        "CreationClassName":  "",
        "SystemCreationClassName":  "",
        "SystemName":  "",
        "NameFormat":  null,
        "OtherTypeDescription":  null,
        "ProtocolIFType":  4096,
        "ProtocolType":  null,
        "Address":  null,
        "AddressOrigin":  0,
        "AddressType":  null,
        "IPv4Address":  null,
        "IPv6Address":  "fe80::8fa:4900:ff29:66b2%8",
        "IPVersionSupport":  null,
        "PrefixLength":  64,
        "SubnetMask":  null,
        "InterfaceAlias":  "Local Area Connection* 1",
        "InterfaceIndex":  8,
        "IPAddress":  "fe80::8fa:4900:ff29:66b2%8",
        "PreferredLifetime":  {
                                  "Ticks":  9223372036854775807,
                                  "Days":  10675199,
                                  "Hours":  2,
                                  "Milliseconds":  477,
                                  "Minutes":  48,
                                  "Seconds":  5,
                                  "TotalDays":  10675199.116730064,
                                  "TotalHours":  256204778.80152154,
                                  "TotalMilliseconds":  922337203685477,
                                  "TotalMinutes":  15372286728.091293,
                                  "TotalSeconds":  922337203685.47754
                              },
        "SkipAsSource":  false,
        "ValidLifetime":  {
                              "Ticks":  9223372036854775807,
                              "Days":  10675199,
                              "Hours":  2,
                              "Milliseconds":  477,
                              "Minutes":  48,
                              "Seconds":  5,
                              "TotalDays":  10675199.116730064,
                              "TotalHours":  256204778.80152154,
                              "TotalMilliseconds":  922337203685477,
                              "TotalMinutes":  15372286728.091293,
                              "TotalSeconds":  922337203685.47754
                          },
        "PSComputerName":  null
    },
    {
        "PrefixOrigin":  2,
        "SuffixOrigin":  4,
        "Type":  1,
        "Store":  1,
        "AddressFamily":  23,
        "AddressState":  4,
        "ifIndex":  14,
        "Caption":  null,
        "Description":  null,
        "ElementName":  null,
        "InstanceID":  null,
        "CommunicationStatus":  null,
        "DetailedStatus":  null,
        "HealthState":  null,
        "InstallDate":  null,
        "Name":  "poB:DDk:ClDp=\u003c:Dl;BpDl?;\u003e/;\u003e55;\u003e55;55;",
        "OperatingStatus":  null,
        "OperationalStatus":  null,
        "PrimaryStatus":  null,
        "Status":  null,
        "StatusDescriptions":  null,
        "AvailableRequestedStates":  null,
        "EnabledDefault":  2,
        "EnabledState":  null,
        "OtherEnabledState":  null,
        "RequestedState":  12,
        "TimeOfLastStateChange":  null,
        "TransitioningToState":  12,
        "CreationClassName":  "",
        "SystemCreationClassName":  "",
        "SystemName":  "",
        "NameFormat":  null,
        "OtherTypeDescription":  null,
        "ProtocolIFType":  4096,
        "ProtocolType":  null,
        "Address":  null,
        "AddressOrigin":  0,
        "AddressType":  null,
        "IPv4Address":  null,
        "IPv6Address":  "fe80::a09b:f320:b18f:b514%14",
        "IPVersionSupport":  null,
        "PrefixLength":  64,
        "SubnetMask":  null,
        "InterfaceAlias":  "Wi-Fi",
        "InterfaceIndex":  14,
        "IPAddress":  "fe80::a09b:f320:b18f:b514%14",
        "PreferredLifetime":  {
                                  "Ticks":  9223372036854775807,
                                  "Days":  10675199,
                                  "Hours":  2,
                                  "Milliseconds":  477,
                                  "Minutes":  48,
                                  "Seconds":  5,
                                  "TotalDays":  10675199.116730064,
                                  "TotalHours":  256204778.80152154,
                                  "TotalMilliseconds":  922337203685477,
                                  "TotalMinutes":  15372286728.091293,
                                  "TotalSeconds":  922337203685.47754
                              },
        "SkipAsSource":  false,
        "ValidLifetime":  {
                              "Ticks":  9223372036854775807,
                              "Days":  10675199,
                              "Hours":  2,
                              "Milliseconds":  477,
                              "Minutes":  48,
                              "Seconds":  5,
                              "TotalDays":  10675199.116730064,
                              "TotalHours":  256204778.80152154,
                              "TotalMilliseconds":  922337203685477,
                              "TotalMinutes":  15372286728.091293,
                              "TotalSeconds":  922337203685.47754
                          },
        "PSComputerName":  null
    },
    {
        "PrefixOrigin":  4,
        "SuffixOrigin":  4,
        "Type":  1,
        "Store":  1,
        "AddressFamily":  23,
        "AddressState":  4,
        "ifIndex":  14,
        "Caption":  null,
        "Description":  null,
        "ElementName":  null,
        "InstanceID":  null,
        "CommunicationStatus":  null,
        "DetailedStatus":  null,
        "HealthState":  null,
        "InstallDate":  null,
        "Name":  "\u003c\u003e:?D\u003c:;DB::\u003cD;B;mDk;@AD;\u003c@CDBplmD\u003ck:55;\u003e55;55;",
        "OperatingStatus":  null,
        "OperationalStatus":  null,
        "PrimaryStatus":  null,
        "Status":  null,
        "StatusDescriptions":  null,
        "AvailableRequestedStates":  null,
        "EnabledDefault":  2,
        "EnabledState":  null,
        "OtherEnabledState":  null,
        "RequestedState":  12,
        "TimeOfLastStateChange":  null,
        "TransitioningToState":  12,
        "CreationClassName":  "",
        "SystemCreationClassName":  "",
        "SystemName":  "",
        "NameFormat":  null,
        "OtherTypeDescription":  null,
        "ProtocolIFType":  4096,
        "ProtocolType":  null,
        "Address":  null,
        "AddressOrigin":  0,
        "AddressType":  null,
        "IPv4Address":  null,
        "IPv6Address":  "2405:201:8002:181c:a167:1269:8fbc:2a0",
        "IPVersionSupport":  null,
        "PrefixLength":  64,
        "SubnetMask":  null,
        "InterfaceAlias":  "Wi-Fi",
        "InterfaceIndex":  14,
        "IPAddress":  "2405:201:8002:181c:a167:1269:8fbc:2a0",
        "PreferredLifetime":  {
                                  "Ticks":  35920000000,
                                  "Days":  0,
                                  "Hours":  0,
                                  "Milliseconds":  0,
                                  "Minutes":  59,
                                  "Seconds":  52,
                                  "TotalDays":  0.041574074074074076,
                                  "TotalHours":  0.99777777777777776,
                                  "TotalMilliseconds":  3592000,
                                  "TotalMinutes":  59.866666666666667,
                                  "TotalSeconds":  3592
                              },
        "SkipAsSource":  false,
        "ValidLifetime":  {
                              "Ticks":  35920000000,
                              "Days":  0,
                              "Hours":  0,
                              "Milliseconds":  0,
                              "Minutes":  59,
                              "Seconds":  52,
                              "TotalDays":  0.041574074074074076,
                              "TotalHours":  0.99777777777777776,
                              "TotalMilliseconds":  3592000,
                              "TotalMinutes":  59.866666666666667,
                              "TotalSeconds":  3592
                          },
        "PSComputerName":  null
    },
    {
        "PrefixOrigin":  4,
        "SuffixOrigin":  5,
        "Type":  1,
        "Store":  1,
        "AddressFamily":  23,
        "AddressState":  4,
        "ifIndex":  14,
        "Caption":  null,
        "Description":  null,
        "ElementName":  null,
        "InstanceID":  null,
        "CommunicationStatus":  null,
        "DetailedStatus":  null,
        "HealthState":  null,
        "InstallDate":  null,
        "Name":  "\u003c\u003e:?D\u003c:;DB::\u003cD;B;mDB?n\u003eDpkpmDp:\u003e;D\u003cn:l55;\u003e55;55;",
        "OperatingStatus":  null,
        "OperationalStatus":  null,
        "PrimaryStatus":  null,
        "Status":  null,
        "StatusDescriptions":  null,
        "AvailableRequestedStates":  null,
        "EnabledDefault":  2,
        "EnabledState":  null,
        "OtherEnabledState":  null,
        "RequestedState":  12,
        "TimeOfLastStateChange":  null,
        "TransitioningToState":  12,
        "CreationClassName":  "",
        "SystemCreationClassName":  "",
        "SystemName":  "",
        "NameFormat":  null,
        "OtherTypeDescription":  null,
        "ProtocolIFType":  4096,
        "ProtocolType":  null,
        "Address":  null,
        "AddressOrigin":  0,
        "AddressType":  null,
        "IPv4Address":  null,
        "IPv6Address":  "2405:201:8002:181c:85d4:fafc:f041:2d0b",
        "IPVersionSupport":  null,
        "PrefixLength":  128,
        "SubnetMask":  null,
        "InterfaceAlias":  "Wi-Fi",
        "InterfaceIndex":  14,
        "IPAddress":  "2405:201:8002:181c:85d4:fafc:f041:2d0b",
        "PreferredLifetime":  {
                                  "Ticks":  35920000000,
                                  "Days":  0,
                                  "Hours":  0,
                                  "Milliseconds":  0,
                                  "Minutes":  59,
                                  "Seconds":  52,
                                  "TotalDays":  0.041574074074074076,
                                  "TotalHours":  0.99777777777777776,
                                  "TotalMilliseconds":  3592000,
                                  "TotalMinutes":  59.866666666666667,
                                  "TotalSeconds":  3592
                              },
        "SkipAsSource":  false,
        "ValidLifetime":  {
                              "Ticks":  35920000000,
                              "Days":  0,
                              "Hours":  0,
                              "Milliseconds":  0,
                              "Minutes":  59,
                              "Seconds":  52,
                              "TotalDays":  0.041574074074074076,
                              "TotalHours":  0.99777777777777776,
                              "TotalMilliseconds":  3592000,
                              "TotalMinutes":  59.866666666666667,
                              "TotalSeconds":  3592
                          },
        "PSComputerName":  null
    },
    {
        "PrefixOrigin":  2,
        "SuffixOrigin":  2,
        "Type":  1,
        "Store":  1,
        "AddressFamily":  23,
        "AddressState":  4,
        "ifIndex":  1,
        "Caption":  null,
        "Description":  null,
        "ElementName":  null,
        "InstanceID":  null,
        "CommunicationStatus":  null,
        "DetailedStatus":  null,
        "HealthState":  null,
        "InstallDate":  null,
        "Name":  "DD;55;55;55;",
        "OperatingStatus":  null,
        "OperationalStatus":  null,
        "PrimaryStatus":  null,
        "Status":  null,
        "StatusDescriptions":  null,
        "AvailableRequestedStates":  null,
        "EnabledDefault":  2,
        "EnabledState":  null,
        "OtherEnabledState":  null,
        "RequestedState":  12,
        "TimeOfLastStateChange":  null,
        "TransitioningToState":  12,
        "CreationClassName":  "",
        "SystemCreationClassName":  "",
        "SystemName":  "",
        "NameFormat":  null,
        "OtherTypeDescription":  null,
        "ProtocolIFType":  4096,
        "ProtocolType":  null,
        "Address":  null,
        "AddressOrigin":  0,
        "AddressType":  null,
        "IPv4Address":  null,
        "IPv6Address":  "::1",
        "IPVersionSupport":  null,
        "PrefixLength":  128,
        "SubnetMask":  null,
        "InterfaceAlias":  "Loopback Pseudo-Interface 1",
        "InterfaceIndex":  1,
        "IPAddress":  "::1",
        "PreferredLifetime":  {
                                  "Ticks":  9223372036854775807,
                                  "Days":  10675199,
                                  "Hours":  2,
                                  "Milliseconds":  477,
                                  "Minutes":  48,
                                  "Seconds":  5,
                                  "TotalDays":  10675199.116730064,
                                  "TotalHours":  256204778.80152154,
                                  "TotalMilliseconds":  922337203685477,
                                  "TotalMinutes":  15372286728.091293,
                                  "TotalSeconds":  922337203685.47754
                              },
        "SkipAsSource":  false,
        "ValidLifetime":  {
                              "Ticks":  9223372036854775807,
                              "Days":  10675199,
                              "Hours":  2,
                              "Milliseconds":  477,
                              "Minutes":  48,
                              "Seconds":  5,
                              "TotalDays":  10675199.116730064,
                              "TotalHours":  256204778.80152154,
                              "TotalMilliseconds":  922337203685477,
                              "TotalMinutes":  15372286728.091293,
                              "TotalSeconds":  922337203685.47754
                          },
        "PSComputerName":  null
    },
    {
        "PrefixOrigin":  1,
        "SuffixOrigin":  1,
        "Type":  1,
        "Store":  1,
        "AddressFamily":  2,
        "AddressState":  4,
        "ifIndex":  40,
        "Caption":  null,
        "Description":  null,
        "ElementName":  null,
        "InstanceID":  null,
        "CommunicationStatus":  null,
        "DetailedStatus":  null,
        "HealthState":  null,
        "InstallDate":  null,
        "Name":  ";A\u003c8\u003c:8\u003c:B8;55\u003e:55;55;",
        "OperatingStatus":  null,
        "OperationalStatus":  null,
        "PrimaryStatus":  null,
        "Status":  null,
        "StatusDescriptions":  null,
        "AvailableRequestedStates":  null,
        "EnabledDefault":  2,
        "EnabledState":  null,
        "OtherEnabledState":  null,
        "RequestedState":  12,
        "TimeOfLastStateChange":  null,
        "TransitioningToState":  12,
        "CreationClassName":  "",
        "SystemCreationClassName":  "",
        "SystemName":  "",
        "NameFormat":  null,
        "OtherTypeDescription":  null,
        "ProtocolIFType":  4096,
        "ProtocolType":  null,
        "Address":  null,
        "AddressOrigin":  0,
        "AddressType":  null,
        "IPv4Address":  "172.20.208.1",
        "IPv6Address":  null,
        "IPVersionSupport":  null,
        "PrefixLength":  20,
        "SubnetMask":  null,
        "InterfaceAlias":  "vEthernet (WSL (Hyper-V firewall))",
        "InterfaceIndex":  40,
        "IPAddress":  "172.20.208.1",
        "PreferredLifetime":  {
                                  "Ticks":  9223372036854775807,
                                  "Days":  10675199,
                                  "Hours":  2,
                                  "Milliseconds":  477,
                                  "Minutes":  48,
                                  "Seconds":  5,
                                  "TotalDays":  10675199.116730064,
                                  "TotalHours":  256204778.80152154,
                                  "TotalMilliseconds":  922337203685477,
                                  "TotalMinutes":  15372286728.091293,
                                  "TotalSeconds":  922337203685.47754
                              },
        "SkipAsSource":  false,
        "ValidLifetime":  {
                              "Ticks":  9223372036854775807,
                              "Days":  10675199,
                              "Hours":  2,
                              "Milliseconds":  477,
                              "Minutes":  48,
                              "Seconds":  5,
                              "TotalDays":  10675199.116730064,
                              "TotalHours":  256204778.80152154,
                              "TotalMilliseconds":  922337203685477,
                              "TotalMinutes":  15372286728.091293,
                              "TotalSeconds":  922337203685.47754
                          },
        "PSComputerName":  null
    },
    {
        "PrefixOrigin":  2,
        "SuffixOrigin":  4,
        "Type":  1,
        "Store":  1,
        "AddressFamily":  2,
        "AddressState":  1,
        "ifIndex":  6,
        "Caption":  null,
        "Description":  null,
        "ElementName":  null,
        "InstanceID":  null,
        "CommunicationStatus":  null,
        "DetailedStatus":  null,
        "HealthState":  null,
        "InstallDate":  null,
        "Name":  ";@C8\u003c?\u003e8;\u003eB8;@B55@55;55;",
        "OperatingStatus":  null,
        "OperationalStatus":  null,
        "PrimaryStatus":  null,
        "Status":  null,
        "StatusDescriptions":  null,
        "AvailableRequestedStates":  null,
        "EnabledDefault":  2,
        "EnabledState":  null,
        "OtherEnabledState":  null,
        "RequestedState":  12,
        "TimeOfLastStateChange":  null,
        "TransitioningToState":  12,
        "CreationClassName":  "",
        "SystemCreationClassName":  "",
        "SystemName":  "",
        "NameFormat":  null,
        "OtherTypeDescription":  null,
        "ProtocolIFType":  4096,
        "ProtocolType":  null,
        "Address":  null,
        "AddressOrigin":  0,
        "AddressType":  null,
        "IPv4Address":  "169.254.148.168",
        "IPv6Address":  null,
        "IPVersionSupport":  null,
        "PrefixLength":  16,
        "SubnetMask":  null,
        "InterfaceAlias":  "Local Area Connection* 2",
        "InterfaceIndex":  6,
        "IPAddress":  "169.254.148.168",
        "PreferredLifetime":  {
                                  "Ticks":  9223372036854775807,
                                  "Days":  10675199,
                                  "Hours":  2,
                                  "Milliseconds":  477,
                                  "Minutes":  48,
                                  "Seconds":  5,
                                  "TotalDays":  10675199.116730064,
                                  "TotalHours":  256204778.80152154,
                                  "TotalMilliseconds":  922337203685477,
                                  "TotalMinutes":  15372286728.091293,
                                  "TotalSeconds":  922337203685.47754
                              },
        "SkipAsSource":  false,
        "ValidLifetime":  {
                              "Ticks":  9223372036854775807,
                              "Days":  10675199,
                              "Hours":  2,
                              "Milliseconds":  477,
                              "Minutes":  48,
                              "Seconds":  5,
                              "TotalDays":  10675199.116730064,
                              "TotalHours":  256204778.80152154,
                              "TotalMilliseconds":  922337203685477,
                              "TotalMinutes":  15372286728.091293,
                              "TotalSeconds":  922337203685.47754
                          },
        "PSComputerName":  null
    },
    {
        "PrefixOrigin":  2,
        "SuffixOrigin":  4,
        "Type":  1,
        "Store":  1,
        "AddressFamily":  2,
        "AddressState":  1,
        "ifIndex":  8,
        "Caption":  null,
        "Description":  null,
        "ElementName":  null,
        "InstanceID":  null,
        "CommunicationStatus":  null,
        "DetailedStatus":  null,
        "HealthState":  null,
        "InstallDate":  null,
        "Name":  ";@C8\u003c?\u003e8@A8\u003c:\u003c55B55;55;",
        "OperatingStatus":  null,
        "OperationalStatus":  null,
        "PrimaryStatus":  null,
        "Status":  null,
        "StatusDescriptions":  null,
        "AvailableRequestedStates":  null,
        "EnabledDefault":  2,
        "EnabledState":  null,
        "OtherEnabledState":  null,
        "RequestedState":  12,
        "TimeOfLastStateChange":  null,
        "TransitioningToState":  12,
        "CreationClassName":  "",
        "SystemCreationClassName":  "",
        "SystemName":  "",
        "NameFormat":  null,
        "OtherTypeDescription":  null,
        "ProtocolIFType":  4096,
        "ProtocolType":  null,
        "Address":  null,
        "AddressOrigin":  0,
        "AddressType":  null,
        "IPv4Address":  "169.254.67.202",
        "IPv6Address":  null,
        "IPVersionSupport":  null,
        "PrefixLength":  16,
        "SubnetMask":  null,
        "InterfaceAlias":  "Local Area Connection* 1",
        "InterfaceIndex":  8,
        "IPAddress":  "169.254.67.202",
        "PreferredLifetime":  {
                                  "Ticks":  9223372036854775807,
                                  "Days":  10675199,
                                  "Hours":  2,
                                  "Milliseconds":  477,
                                  "Minutes":  48,
                                  "Seconds":  5,
                                  "TotalDays":  10675199.116730064,
                                  "TotalHours":  256204778.80152154,
                                  "TotalMilliseconds":  922337203685477,
                                  "TotalMinutes":  15372286728.091293,
                                  "TotalSeconds":  922337203685.47754
                              },
        "SkipAsSource":  false,
        "ValidLifetime":  {
                              "Ticks":  9223372036854775807,
                              "Days":  10675199,
                              "Hours":  2,
                              "Milliseconds":  477,
                              "Minutes":  48,
                              "Seconds":  5,
                              "TotalDays":  10675199.116730064,
                              "TotalHours":  256204778.80152154,
                              "TotalMilliseconds":  922337203685477,
                              "TotalMinutes":  15372286728.091293,
                              "TotalSeconds":  922337203685.47754
                          },
        "PSComputerName":  null
    },
    {
        "PrefixOrigin":  3,
        "SuffixOrigin":  3,
        "Type":  1,
        "Store":  1,
        "AddressFamily":  2,
        "AddressState":  4,
        "ifIndex":  14,
        "Caption":  null,
        "Description":  null,
        "ElementName":  null,
        "InstanceID":  null,
        "CommunicationStatus":  null,
        "DetailedStatus":  null,
        "HealthState":  null,
        "InstallDate":  null,
        "Name":  ";C\u003c8;@B8\u003cC8;?:55;\u003e55;55;",
        "OperatingStatus":  null,
        "OperationalStatus":  null,
        "PrimaryStatus":  null,
        "Status":  null,
        "StatusDescriptions":  null,
        "AvailableRequestedStates":  null,
        "EnabledDefault":  2,
        "EnabledState":  null,
        "OtherEnabledState":  null,
        "RequestedState":  12,
        "TimeOfLastStateChange":  null,
        "TransitioningToState":  12,
        "CreationClassName":  "",
        "SystemCreationClassName":  "",
        "SystemName":  "",
        "NameFormat":  null,
        "OtherTypeDescription":  null,
        "ProtocolIFType":  4096,
        "ProtocolType":  null,
        "Address":  null,
        "AddressOrigin":  0,
        "AddressType":  null,
        "IPv4Address":  "192.168.29.150",
        "IPv6Address":  null,
        "IPVersionSupport":  null,
        "PrefixLength":  24,
        "SubnetMask":  null,
        "InterfaceAlias":  "Wi-Fi",
        "InterfaceIndex":  14,
        "IPAddress":  "192.168.29.150",
        "PreferredLifetime":  {
                                  "Ticks":  494220000000,
                                  "Days":  0,
                                  "Hours":  13,
                                  "Milliseconds":  0,
                                  "Minutes":  43,
                                  "Seconds":  42,
                                  "TotalDays":  0.57201388888888882,
                                  "TotalHours":  13.728333333333333,
                                  "TotalMilliseconds":  49422000,
                                  "TotalMinutes":  823.7,
                                  "TotalSeconds":  49422
                              },
        "SkipAsSource":  false,
        "ValidLifetime":  {
                              "Ticks":  494220000000,
                              "Days":  0,
                              "Hours":  13,
                              "Milliseconds":  0,
                              "Minutes":  43,
                              "Seconds":  42,
                              "TotalDays":  0.57201388888888882,
                              "TotalHours":  13.728333333333333,
                              "TotalMilliseconds":  49422000,
                              "TotalMinutes":  823.7,
                              "TotalSeconds":  49422
                          },
        "PSComputerName":  null
    },
    {
        "PrefixOrigin":  2,
        "SuffixOrigin":  2,
        "Type":  1,
        "Store":  1,
        "AddressFamily":  2,
        "AddressState":  4,
        "ifIndex":  1,
        "Caption":  null,
        "Description":  null,
        "ElementName":  null,
        "InstanceID":  null,
        "CommunicationStatus":  null,
        "DetailedStatus":  null,
        "HealthState":  null,
        "InstallDate":  null,
        "Name":  ";\u003cA8:8:8;55;55;55;",
        "OperatingStatus":  null,
        "OperationalStatus":  null,
        "PrimaryStatus":  null,
        "Status":  null,
        "StatusDescriptions":  null,
        "AvailableRequestedStates":  null,
        "EnabledDefault":  2,
        "EnabledState":  null,
        "OtherEnabledState":  null,
        "RequestedState":  12,
        "TimeOfLastStateChange":  null,
        "TransitioningToState":  12,
        "CreationClassName":  "",
        "SystemCreationClassName":  "",
        "SystemName":  "",
        "NameFormat":  null,
        "OtherTypeDescription":  null,
        "ProtocolIFType":  4096,
        "ProtocolType":  null,
        "Address":  null,
        "AddressOrigin":  0,
        "AddressType":  null,
        "IPv4Address":  "127.0.0.1",
        "IPv6Address":  null,
        "IPVersionSupport":  null,
        "PrefixLength":  8,
        "SubnetMask":  null,
        "InterfaceAlias":  "Loopback Pseudo-Interface 1",
        "InterfaceIndex":  1,
        "IPAddress":  "127.0.0.1",
        "PreferredLifetime":  {
                                  "Ticks":  9223372036854775807,
                                  "Days":  10675199,
                                  "Hours":  2,
                                  "Milliseconds":  477,
                                  "Minutes":  48,
                                  "Seconds":  5,
                                  "TotalDays":  10675199.116730064,
                                  "TotalHours":  256204778.80152154,
                                  "TotalMilliseconds":  922337203685477,
                                  "TotalMinutes":  15372286728.091293,
                                  "TotalSeconds":  922337203685.47754
                              },
        "SkipAsSource":  false,
        "ValidLifetime":  {
                              "Ticks":  9223372036854775807,
                              "Days":  10675199,
                              "Hours":  2,
                              "Milliseconds":  477,
                              "Minutes":  48,
                              "Seconds":  5,
                              "TotalDays":  10675199.116730064,
                              "TotalHours":  256204778.80152154,
                              "TotalMilliseconds":  922337203685477,
                              "TotalMinutes":  15372286728.091293,
                              "TotalSeconds":  922337203685.47754
                          },
        "PSComputerName":  null
    }
]
