[
    {
        "StartTime":  null,
        "Handles":  222,
        "Name":  "AggregatorHost",
        "NPM":  13064,
        "PM":  4571136,
        "SI":  0,
        "VM":  2203428462592,
        "WS":  4665344
    },
    {
        "StartTime":  "\/Date(1771855036635)\/",
        "Handles":  386,
        "Name":  "AppActions",
        "NPM":  21280,
        "PM":  12750848,
        "SI":  1,
        "VM":  2480970977280,
        "WS":  5730304
    },
    {
        "StartTime":  "\/Date(1771855716276)\/",
        "Handles":  287,
        "Name":  "ApplicationFrameHost",
        "NPM":  18504,
        "PM":  9814016,
        "SI":  1,
        "VM":  2203554222080,
        "WS":  3174400
    },
    {
        "StartTime":  "\/Date(1771855726495)\/",
        "Handles":  334,
        "Name":  "backgroundTaskHost",
        "NPM":  31072,
        "PM":  8880128,
        "SI":  1,
        "VM":  2203930529792,
        "WS":  12288
    },
    {
        "StartTime":  "\/Date(1771991218574)\/",
        "Handles":  363,
        "Name":  "cagent",
        "NPM":  17904,
        "PM":  30437376,
        "SI":  1,
        "VM":  5860114432,
        "WS":  12308480
    },
    {
        "StartTime":  "\/Date(1771994654861)\/",
        "Handles":  862,
        "Name":  "Code",
        "NPM":  217168,
        "PM":  2085826560,
        "SI":  1,
        "VM":  3699178803200,
        "WS":  1411661824
    },
    {
        "StartTime":  "\/Date(1771994946525)\/",
        "Handles":  276,
        "Name":  "Code",
        "NPM":  24136,
        "PM":  444669952,
        "SI":  1,
        "VM":  3693718163456,
        "WS":  294072320
    },
    {
        "StartTime":  "\/Date(1771994885470)\/",
        "Handles":  310,
        "Name":  "Code",
        "NPM":  64112,
        "PM":  335876096,
        "SI":  1,
        "VM":  3697182892032,
        "WS":  189513728
    },
    {
        "StartTime":  "\/Date(1771905367874)\/",
        "Handles":  611,
        "Name":  "Code",
        "NPM":  59904,
        "PM":  1604685824,
        "SI":  1,
        "VM":  3714605092864,
        "WS":  1119838208
    },
    {
        "StartTime":  "\/Date(1771905367098)\/",
        "Handles":  1311,
        "Name":  "Code",
        "NPM":  34656,
        "PM":  258867200,
        "SI":  1,
        "VM":  2238899675136,
        "WS":  121942016
    },
    {
        "StartTime":  "\/Date(1771905365407)\/",
        "Handles":  1404,
        "Name":  "Code",
        "NPM":  67288,
        "PM":  165273600,
        "SI":  1,
        "VM":  3713129689088,
        "WS":  90005504
    },
    {
        "StartTime":  "\/Date(1771994669323)\/",
        "Handles":  181,
        "Name":  "Code",
        "NPM":  19536,
        "PM":  29343744,
        "SI":  1,
        "VM":  3693665333248,
        "WS":  20111360
    },
    {
        "StartTime":  "\/Date(1771994702329)\/",
        "Handles":  186,
        "Name":  "Code",
        "NPM":  19896,
        "PM":  30756864,
        "SI":  1,
        "VM":  3693673721856,
        "WS":  30023680
    },
    {
        "StartTime":  "\/Date(1771994701074)\/",
        "Handles":  277,
        "Name":  "Code",
        "NPM":  20792,
        "PM":  154996736,
        "SI":  1,
        "VM":  3693707276288,
        "WS":  134197248
    },
    {
        "StartTime":  "\/Date(1771905366881)\/",
        "Handles":  479,
        "Name":  "Code",
        "NPM":  16352,
        "PM":  12734464,
        "SI":  1,
        "VM":  2255261347840,
        "WS":  3563520
    },
    {
        "StartTime":  "\/Date(1771994668412)\/",
        "Handles":  427,
        "Name":  "Code",
        "NPM":  32672,
        "PM":  60227584,
        "SI":  1,
        "VM":  3712756408320,
        "WS":  64921600
    },
    {
        "StartTime":  "\/Date(1771994677642)\/",
        "Handles":  306,
        "Name":  "Code",
        "NPM":  22832,
        "PM":  22425600,
        "SI":  1,
        "VM":  3693763141632,
        "WS":  27578368
    },
    {
        "StartTime":  "\/Date(1771905367157)\/",
        "Handles":  396,
        "Name":  "Code",
        "NPM":  23864,
        "PM":  18862080,
        "SI":  1,
        "VM":  2255369281536,
        "WS":  16760832
    },
    {
        "StartTime":  "\/Date(1771994669271)\/",
        "Handles":  181,
        "Name":  "Code",
        "NPM":  19688,
        "PM":  26816512,
        "SI":  1,
        "VM":  3693664284672,
        "WS":  20189184
    },
    {
        "StartTime":  "\/Date(1771994722656)\/",
        "Handles":  229,
        "Name":  "Code",
        "NPM":  21440,
        "PM":  119492608,
        "SI":  1,
        "VM":  3693708324864,
        "WS":  86847488
    },
    {
        "StartTime":  "\/Date(1771905370382)\/",
        "Handles":  722,
        "Name":  "Code",
        "NPM":  110984,
        "PM":  313024512,
        "SI":  1,
        "VM":  3723776200704,
        "WS":  39399424
    },
    {
        "StartTime":  "\/Date(1771995311354)\/",
        "Handles":  239,
        "Name":  "Code",
        "NPM":  21960,
        "PM":  260718592,
        "SI":  1,
        "VM":  3693683159040,
        "WS":  341065728
    },
    {
        "StartTime":  "\/Date(1771994677958)\/",
        "Handles":  312,
        "Name":  "Code",
        "NPM":  23784,
        "PM":  30576640,
        "SI":  1,
        "VM":  3693794340864,
        "WS":  27402240
    },
    {
        "StartTime":  "\/Date(1771994669171)\/",
        "Handles":  208,
        "Name":  "Code",
        "NPM":  20400,
        "PM":  34168832,
        "SI":  1,
        "VM":  3693667078144,
        "WS":  30289920
    },
    {
        "StartTime":  "\/Date(1771994669124)\/",
        "Handles":  215,
        "Name":  "Code",
        "NPM":  26688,
        "PM":  171016192,
        "SI":  1,
        "VM":  3710880636928,
        "WS":  106209280
    },
    {
        "StartTime":  "\/Date(1771994669225)\/",
        "Handles":  195,
        "Name":  "Code",
        "NPM":  23800,
        "PM":  310788096,
        "SI":  1,
        "VM":  3693707276288,
        "WS":  173027328
    },
    {
        "StartTime":  "\/Date(1771994669367)\/",
        "Handles":  182,
        "Name":  "Code",
        "NPM":  20248,
        "PM":  31088640,
        "SI":  1,
        "VM":  3710845202432,
        "WS":  24051712
    },
    {
        "StartTime":  "\/Date(1771905371098)\/",
        "Handles":  362,
        "Name":  "Code",
        "NPM":  32976,
        "PM":  110641152,
        "SI":  1,
        "VM":  3695568605184,
        "WS":  32571392
    },
    {
        "StartTime":  "\/Date(1771994669423)\/",
        "Handles":  222,
        "Name":  "Code",
        "NPM":  22064,
        "PM":  80621568,
        "SI":  1,
        "VM":  3710881255424,
        "WS":  22274048
    },
    {
        "StartTime":  "\/Date(1771995311656)\/",
        "Handles":  234,
        "Name":  "Code",
        "NPM":  21384,
        "PM":  46620672,
        "SI":  1,
        "VM":  3693683159040,
        "WS":  127700992
    },
    {
        "StartTime":  "\/Date(1771994784124)\/",
        "Handles":  228,
        "Name":  "Code",
        "NPM":  20400,
        "PM":  46641152,
        "SI":  1,
        "VM":  3693665333248,
        "WS":  53026816
    },
    {
        "StartTime":  "\/Date(1771905371160)\/",
        "Handles":  404,
        "Name":  "Code",
        "NPM":  33704,
        "PM":  184926208,
        "SI":  1,
        "VM":  3712777584640,
        "WS":  127975424
    },
    {
        "StartTime":  "\/Date(1771994701116)\/",
        "Handles":  203,
        "Name":  "Code",
        "NPM":  21128,
        "PM":  71233536,
        "SI":  1,
        "VM":  3693724053504,
        "WS":  49803264
    },
    {
        "StartTime":  "\/Date(1771995311387)\/",
        "Handles":  252,
        "Name":  "Code",
        "NPM":  926824,
        "PM":  1601118208,
        "SI":  1,
        "VM":  3710871416832,
        "WS":  1642471424
    },
    {
        "StartTime":  "\/Date(1771991211334)\/",
        "Handles":  242,
        "Name":  "com.docker.build",
        "NPM":  14728,
        "PM":  24449024,
        "SI":  1,
        "VM":  5658079232,
        "WS":  10752000
    },
    {
        "StartTime":  "\/Date(1771995336026)\/",
        "Handles":  240,
        "Name":  "com.docker.diagnose",
        "NPM":  15520,
        "PM":  44605440,
        "SI":  1,
        "VM":  5639553024,
        "WS":  44961792
    },
    {
        "StartTime":  null,
        "Handles":  563,
        "Name":  "com.docker.service",
        "NPM":  42192,
        "PM":  55201792,
        "SI":  0,
        "VM":  5055303680,
        "WS":  31969280
    },
    {
        "StartTime":  "\/Date(1771994734666)\/",
        "Handles":  417,
        "Name":  "comet",
        "NPM":  33776,
        "PM":  94040064,
        "SI":  1,
        "VM":  3815950512128,
        "WS":  115712000
    },
    {
        "StartTime":  "\/Date(1771994958544)\/",
        "Handles":  321,
        "Name":  "comet",
        "NPM":  29400,
        "PM":  104665088,
        "SI":  1,
        "VM":  3815918055424,
        "WS":  128131072
    },
    {
        "StartTime":  "\/Date(1771995329391)\/",
        "Handles":  294,
        "Name":  "comet",
        "NPM":  27768,
        "PM":  62418944,
        "SI":  1,
        "VM":  3815832989696,
        "WS":  91172864
    },
    {
        "StartTime":  "\/Date(1771994734934)\/",
        "Handles":  306,
        "Name":  "comet",
        "NPM":  25808,
        "PM":  30060544,
        "SI":  1,
        "VM":  3815896817664,
        "WS":  32702464
    },
    {
        "StartTime":  "\/Date(1771994733925)\/",
        "Handles":  451,
        "Name":  "comet",
        "NPM":  40792,
        "PM":  19972096,
        "SI":  1,
        "VM":  2358828683264,
        "WS":  40038400
    },
    {
        "StartTime":  "\/Date(1771994732881)\/",
        "Handles":  229,
        "Name":  "comet",
        "NPM":  11840,
        "PM":  2564096,
        "SI":  1,
        "VM":  2306646376448,
        "WS":  5234688
    },
    {
        "StartTime":  "\/Date(1771994732388)\/",
        "Handles":  2012,
        "Name":  "comet",
        "NPM":  82528,
        "PM":  161648640,
        "SI":  1,
        "VM":  2359516577792,
        "WS":  228937728
    },
    {
        "StartTime":  "\/Date(1771994734016)\/",
        "Handles":  207,
        "Name":  "comet",
        "NPM":  16192,
        "PM":  11022336,
        "SI":  1,
        "VM":  2358557777920,
        "WS":  12107776
    },
    {
        "StartTime":  "\/Date(1771994734916)\/",
        "Handles":  368,
        "Name":  "comet",
        "NPM":  31952,
        "PM":  42885120,
        "SI":  1,
        "VM":  3815973892096,
        "WS":  48795648
    },
    {
        "StartTime":  "\/Date(1771995328857)\/",
        "Handles":  289,
        "Name":  "comet",
        "NPM":  24720,
        "PM":  23080960,
        "SI":  1,
        "VM":  3815829708800,
        "WS":  45350912
    },
    {
        "StartTime":  "\/Date(1771994733909)\/",
        "Handles":  1882,
        "Name":  "comet",
        "NPM":  47528,
        "PM":  319496192,
        "SI":  1,
        "VM":  2359661228032,
        "WS":  290836480
    },
    {
        "StartTime":  "\/Date(1771994734924)\/",
        "Handles":  300,
        "Name":  "comet",
        "NPM":  25888,
        "PM":  31678464,
        "SI":  1,
        "VM":  3815880040448,
        "WS":  27795456
    },
    {
        "StartTime":  "\/Date(1771994736776)\/",
        "Handles":  412,
        "Name":  "comet",
        "NPM":  32336,
        "PM":  89419776,
        "SI":  1,
        "VM":  3815951495168,
        "WS":  118980608
    },
    {
        "StartTime":  "\/Date(1771994868350)\/",
        "Handles":  567,
        "Name":  "comet",
        "NPM":  38664,
        "PM":  111673344,
        "SI":  1,
        "VM":  3814424510464,
        "WS":  164073472
    },
    {
        "StartTime":  "\/Date(1771994736815)\/",
        "Handles":  434,
        "Name":  "comet",
        "NPM":  34072,
        "PM":  51417088,
        "SI":  1,
        "VM":  3815967617024,
        "WS":  76070912
    },
    {
        "StartTime":  "\/Date(1771994869545)\/",
        "Handles":  267,
        "Name":  "comet",
        "NPM":  20872,
        "PM":  17358848,
        "SI":  1,
        "VM":  3814076489728,
        "WS":  18411520
    },
    {
        "StartTime":  "\/Date(1771994848213)\/",
        "Handles":  523,
        "Name":  "comet",
        "NPM":  43968,
        "PM":  174211072,
        "SI":  1,
        "VM":  3814382047232,
        "WS":  236437504
    },
    {
        "StartTime":  null,
        "Handles":  143,
        "Name":  "conhost",
        "NPM":  11016,
        "PM":  1732608,
        "SI":  0,
        "VM":  2203407409152,
        "WS":  503808
    },
    {
        "StartTime":  "\/Date(1771990308758)\/",
        "Handles":  111,
        "Name":  "conhost",
        "NPM":  10568,
        "PM":  1462272,
        "SI":  1,
        "VM":  2203417268224,
        "WS":  1101824
    },
    {
        "StartTime":  "\/Date(1771989304380)\/",
        "Handles":  110,
        "Name":  "conhost",
        "NPM":  10200,
        "PM":  1544192,
        "SI":  1,
        "VM":  2203417268224,
        "WS":  299008
    },
    {
        "StartTime":  "\/Date(1771990486013)\/",
        "Handles":  114,
        "Name":  "conhost",
        "NPM":  10200,
        "PM":  1564672,
        "SI":  1,
        "VM":  2203417268224,
        "WS":  1048576
    },
    {
        "StartTime":  "\/Date(1771994237707)\/",
        "Handles":  119,
        "Name":  "conhost",
        "NPM":  10200,
        "PM":  1519616,
        "SI":  1,
        "VM":  2203417268224,
        "WS":  2428928
    },
    {
        "StartTime":  null,
        "Handles":  77,
        "Name":  "conhost",
        "NPM":  7752,
        "PM":  1155072,
        "SI":  0,
        "VM":  2203392630784,
        "WS":  20480
    },
    {
        "StartTime":  null,
        "Handles":  143,
        "Name":  "conhost",
        "NPM":  11016,
        "PM":  1724416,
        "SI":  0,
        "VM":  2203407409152,
        "WS":  507904
    },
    {
        "StartTime":  null,
        "Handles":  143,
        "Name":  "conhost",
        "NPM":  11016,
        "PM":  1720320,
        "SI":  0,
        "VM":  2203407409152,
        "WS":  421888
    },
    {
        "StartTime":  null,
        "Handles":  143,
        "Name":  "conhost",
        "NPM":  11016,
        "PM":  1720320,
        "SI":  0,
        "VM":  2203407409152,
        "WS":  507904
    },
    {
        "StartTime":  null,
        "Handles":  143,
        "Name":  "conhost",
        "NPM":  11016,
        "PM":  1716224,
        "SI":  0,
        "VM":  2203407409152,
        "WS":  507904
    },
    {
        "StartTime":  null,
        "Handles":  143,
        "Name":  "conhost",
        "NPM":  11016,
        "PM":  1703936,
        "SI":  0,
        "VM":  2203407409152,
        "WS":  499712
    },
    {
        "StartTime":  null,
        "Handles":  144,
        "Name":  "conhost",
        "NPM":  11016,
        "PM":  1732608,
        "SI":  0,
        "VM":  2203407409152,
        "WS":  495616
    },
    {
        "StartTime":  null,
        "Handles":  143,
        "Name":  "conhost",
        "NPM":  11016,
        "PM":  1720320,
        "SI":  0,
        "VM":  2203407409152,
        "WS":  421888
    },
    {
        "StartTime":  null,
        "Handles":  143,
        "Name":  "conhost",
        "NPM":  11016,
        "PM":  1728512,
        "SI":  0,
        "VM":  2203407409152,
        "WS":  503808
    },
    {
        "StartTime":  "\/Date(1771905380543)\/",
        "Handles":  114,
        "Name":  "conhost",
        "NPM":  10200,
        "PM":  1470464,
        "SI":  1,
        "VM":  2203417260032,
        "WS":  1155072
    },
    {
        "StartTime":  "\/Date(1771994718157)\/",
        "Handles":  111,
        "Name":  "conhost",
        "NPM":  10608,
        "PM":  1507328,
        "SI":  1,
        "VM":  2203418963968,
        "WS":  4734976
    },
    {
        "StartTime":  "\/Date(1771991218669)\/",
        "Handles":  96,
        "Name":  "conhost",
        "NPM":  8160,
        "PM":  1204224,
        "SI":  1,
        "VM":  2203416494080,
        "WS":  409600
    },
    {
        "StartTime":  "\/Date(1771994693008)\/",
        "Handles":  111,
        "Name":  "conhost",
        "NPM":  10608,
        "PM":  1490944,
        "SI":  1,
        "VM":  2203418955776,
        "WS":  3473408
    },
    {
        "StartTime":  "\/Date(1771993401940)\/",
        "Handles":  111,
        "Name":  "conhost",
        "NPM":  10200,
        "PM":  1462272,
        "SI":  1,
        "VM":  2203417268224,
        "WS":  1056768
    },
    {
        "StartTime":  "\/Date(1771945595060)\/",
        "Handles":  113,
        "Name":  "conhost",
        "NPM":  10200,
        "PM":  1462272,
        "SI":  1,
        "VM":  2203417260032,
        "WS":  331776
    },
    {
        "StartTime":  "\/Date(1771986495345)\/",
        "Handles":  114,
        "Name":  "conhost",
        "NPM":  10200,
        "PM":  1671168,
        "SI":  1,
        "VM":  2203417268224,
        "WS":  1241088
    },
    {
        "StartTime":  "\/Date(1771909715953)\/",
        "Handles":  111,
        "Name":  "conhost",
        "NPM":  10200,
        "PM":  1474560,
        "SI":  1,
        "VM":  2203417268224,
        "WS":  1073152
    },
    {
        "StartTime":  "\/Date(1771986441231)\/",
        "Handles":  111,
        "Name":  "conhost",
        "NPM":  10200,
        "PM":  1474560,
        "SI":  1,
        "VM":  2203417268224,
        "WS":  1175552
    },
    {
        "StartTime":  "\/Date(1771994675475)\/",
        "Handles":  99,
        "Name":  "conhost",
        "NPM":  8160,
        "PM":  1204224,
        "SI":  1,
        "VM":  2203416494080,
        "WS":  3637248
    },
    {
        "StartTime":  "\/Date(1771990444000)\/",
        "Handles":  111,
        "Name":  "conhost",
        "NPM":  10200,
        "PM":  1482752,
        "SI":  1,
        "VM":  2203417268224,
        "WS":  1044480
    },
    {
        "StartTime":  "\/Date(1771994814447)\/",
        "Handles":  114,
        "Name":  "conhost",
        "NPM":  10064,
        "PM":  1437696,
        "SI":  1,
        "VM":  2203416858624,
        "WS":  5267456
    },
    {
        "StartTime":  "\/Date(1771905468912)\/",
        "Handles":  111,
        "Name":  "conhost",
        "NPM":  10200,
        "PM":  1470464,
        "SI":  1,
        "VM":  2203417268224,
        "WS":  1175552
    },
    {
        "StartTime":  "\/Date(1771945650952)\/",
        "Handles":  113,
        "Name":  "conhost",
        "NPM":  10200,
        "PM":  1470464,
        "SI":  1,
        "VM":  2203417260032,
        "WS":  311296
    },
    {
        "StartTime":  "\/Date(1771986160105)\/",
        "Handles":  114,
        "Name":  "conhost",
        "NPM":  10200,
        "PM":  1531904,
        "SI":  1,
        "VM":  2203417268224,
        "WS":  1142784
    },
    {
        "StartTime":  "\/Date(1771989790718)\/",
        "Handles":  113,
        "Name":  "conhost",
        "NPM":  10200,
        "PM":  1523712,
        "SI":  1,
        "VM":  2203417268224,
        "WS":  376832
    },
    {
        "StartTime":  "\/Date(1771946046258)\/",
        "Handles":  114,
        "Name":  "conhost",
        "NPM":  10200,
        "PM":  1527808,
        "SI":  1,
        "VM":  2203417260032,
        "WS":  1085440
    },
    {
        "StartTime":  "\/Date(1771986385609)\/",
        "Handles":  111,
        "Name":  "conhost",
        "NPM":  10200,
        "PM":  1482752,
        "SI":  1,
        "VM":  2203417268224,
        "WS":  1048576
    },
    {
        "StartTime":  "\/Date(1771991194167)\/",
        "Handles":  97,
        "Name":  "conhost",
        "NPM":  8432,
        "PM":  1196032,
        "SI":  1,
        "VM":  2203416502272,
        "WS":  20480
    },
    {
        "StartTime":  "\/Date(1771854788467)\/",
        "Handles":  1173,
        "Name":  "Copilot",
        "NPM":  140624,
        "PM":  71925760,
        "SI":  1,
        "VM":  2481467240448,
        "WS":  21483520
    },
    {
        "StartTime":  "\/Date(1771855726470)\/",
        "Handles":  114,
        "Name":  "crashpad_handler",
        "NPM":  8576,
        "PM":  1527808,
        "SI":  1,
        "VM":  4409241600,
        "WS":  16384
    },
    {
        "StartTime":  "\/Date(1771854621363)\/",
        "Handles":  526,
        "Name":  "CrossDeviceResume",
        "NPM":  27200,
        "PM":  41750528,
        "SI":  1,
        "VM":  2203792011264,
        "WS":  4001792
    },
    {
        "StartTime":  "\/Date(1771854648455)\/",
        "Handles":  1282,
        "Name":  "CrossDeviceService",
        "NPM":  119000,
        "PM":  34775040,
        "SI":  1,
        "VM":  2237774929920,
        "WS":  12947456
    },
    {
        "StartTime":  null,
        "Handles":  1143,
        "Name":  "csrss",
        "NPM":  45784,
        "PM":  4116480,
        "SI":  1,
        "VM":  2203486932992,
        "WS":  2670592
    },
    {
        "StartTime":  null,
        "Handles":  936,
        "Name":  "csrss",
        "NPM":  33520,
        "PM":  2596864,
        "SI":  0,
        "VM":  2203439820800,
        "WS":  1343488
    },
    {
        "StartTime":  "\/Date(1771854636869)\/",
        "Handles":  533,
        "Name":  "ctfmon",
        "NPM":  22240,
        "PM":  8572928,
        "SI":  1,
        "VM":  2203498688512,
        "WS":  12816384
    },
    {
        "StartTime":  null,
        "Handles":  348,
        "Name":  "Dell.Connected.Service.Delivery",
        "NPM":  22440,
        "PM":  22564864,
        "SI":  0,
        "VM":  4896755712,
        "WS":  1024000
    },
    {
        "StartTime":  null,
        "Handles":  646,
        "Name":  "Dell.Connected.Service.Delivery.SubAgent",
        "NPM":  99592,
        "PM":  30351360,
        "SI":  0,
        "VM":  2480982917120,
        "WS":  4734976
    },
    {
        "StartTime":  null,
        "Handles":  876,
        "Name":  "Dell.CoreServices.Client",
        "NPM":  171656,
        "PM":  70356992,
        "SI":  0,
        "VM":  2481090863104,
        "WS":  10305536
    },
    {
        "StartTime":  null,
        "Handles":  834,
        "Name":  "Dell.Digital.Delivery.Service.SubAgent",
        "NPM":  144040,
        "PM":  42622976,
        "SI":  0,
        "VM":  2481093672960,
        "WS":  11825152
    },
    {
        "StartTime":  null,
        "Handles":  536,
        "Name":  "Dell.Remediation.Agent",
        "NPM":  69208,
        "PM":  15425536,
        "SI":  0,
        "VM":  2480941207552,
        "WS":  1523712
    },
    {
        "StartTime":  null,
        "Handles":  872,
        "Name":  "Dell.TechHub",
        "NPM":  95056,
        "PM":  41865216,
        "SI":  0,
        "VM":  2481023868928,
        "WS":  4239360
    },
    {
        "StartTime":  null,
        "Handles":  692,
        "Name":  "Dell.TechHub.Analytics.SubAgent",
        "NPM":  150928,
        "PM":  54689792,
        "SI":  0,
        "VM":  2481035804672,
        "WS":  8265728
    },
    {
        "StartTime":  null,
        "Handles":  636,
        "Name":  "Dell.TechHub.DataManager.SubAgent",
        "NPM":  117608,
        "PM":  48492544,
        "SI":  0,
        "VM":  2481072414720,
        "WS":  20463616
    },
    {
        "StartTime":  null,
        "Handles":  1275,
        "Name":  "Dell.TechHub.Diagnostics.SubAgent",
        "NPM":  146488,
        "PM":  130035712,
        "SI":  0,
        "VM":  2481230622720,
        "WS":  10563584
    },
    {
        "StartTime":  null,
        "Handles":  1962,
        "Name":  "Dell.TechHub.Instrumentation.SubAgent",
        "NPM":  221552,
        "PM":  193421312,
        "SI":  0,
        "VM":  2481432383488,
        "WS":  50573312
    },
    {
        "StartTime":  null,
        "Handles":  1081,
        "Name":  "Dell.TechHub.Instrumentation.UserProcess",
        "NPM":  115984,
        "PM":  36306944,
        "SI":  1,
        "VM":  2481037869056,
        "WS":  20205568
    },
    {
        "StartTime":  null,
        "Handles":  682,
        "Name":  "Dell.UCA.Manager",
        "NPM":  109448,
        "PM":  36069376,
        "SI":  0,
        "VM":  2481005477888,
        "WS":  13193216
    },
    {
        "StartTime":  null,
        "Handles":  746,
        "Name":  "Dell.Update.SubAgent",
        "NPM":  49392,
        "PM":  51818496,
        "SI":  0,
        "VM":  4981305344,
        "WS":  6414336
    },
    {
        "StartTime":  null,
        "Handles":  622,
        "Name":  "Dell.UUE.CoreSubAgent",
        "NPM":  105560,
        "PM":  34304000,
        "SI":  0,
        "VM":  2481005301760,
        "WS":  3784704
    },
    {
        "StartTime":  null,
        "Handles":  1105,
        "Name":  "DellEnterpriseClientFrameworkSubAgent",
        "NPM":  80312,
        "PM":  77578240,
        "SI":  0,
        "VM":  5214937088,
        "WS":  15388672
    },
    {
        "StartTime":  "\/Date(1771854729191)\/",
        "Handles":  923,
        "Name":  "DellOptimizer.Systray",
        "NPM":  152504,
        "PM":  128278528,
        "SI":  1,
        "VM":  2481570623488,
        "WS":  15601664
    },
    {
        "StartTime":  null,
        "Handles":  1205,
        "Name":  "DellSupportAssistRemedationService",
        "NPM":  111376,
        "PM":  83853312,
        "SI":  0,
        "VM":  5341597696,
        "WS":  19701760
    },
    {
        "StartTime":  "\/Date(1771991216051)\/",
        "Handles":  329,
        "Name":  "Docker Desktop",
        "NPM":  18736,
        "PM":  13881344,
        "SI":  1,
        "VM":  2238151536640,
        "WS":  2592768
    },
    {
        "StartTime":  "\/Date(1771991218529)\/",
        "Handles":  362,
        "Name":  "Docker Desktop",
        "NPM":  26824,
        "PM":  128110592,
        "SI":  1,
        "VM":  3693780377600,
        "WS":  2306048
    },
    {
        "StartTime":  "\/Date(1771991215828)\/",
        "Handles":  660,
        "Name":  "Docker Desktop",
        "NPM":  26704,
        "PM":  95408128,
        "SI":  1,
        "VM":  2238655188992,
        "WS":  7352320
    },
    {
        "StartTime":  "\/Date(1771991213742)\/",
        "Handles":  873,
        "Name":  "Docker Desktop",
        "NPM":  46448,
        "PM":  139714560,
        "SI":  1,
        "VM":  3694035439616,
        "WS":  54964224
    },
    {
        "StartTime":  "\/Date(1771991211532)\/",
        "Handles":  121,
        "Name":  "docker-sandbox",
        "NPM":  9328,
        "PM":  27103232,
        "SI":  1,
        "VM":  5574934528,
        "WS":  581632
    },
    {
        "StartTime":  null,
        "Handles":  1802,
        "Name":  "dwm",
        "NPM":  63160,
        "PM":  284590080,
        "SI":  1,
        "VM":  2204186505216,
        "WS":  68861952
    },
    {
        "StartTime":  "\/Date(1771855726114)\/",
        "Handles":  607,
        "Name":  "EdgeGameAssist",
        "NPM":  28728,
        "PM":  43589632,
        "SI":  1,
        "VM":  56343916544,
        "WS":  16384
    },
    {
        "StartTime":  "\/Date(1771854619898)\/",
        "Handles":  3546,
        "Name":  "explorer",
        "NPM":  97384,
        "PM":  167686144,
        "SI":  1,
        "VM":  2204366147584,
        "WS":  118095872
    },
    {
        "StartTime":  "\/Date(1771855053741)\/",
        "Handles":  221,
        "Name":  "FileCoAuth",
        "NPM":  17008,
        "PM":  10035200,
        "SI":  1,
        "VM":  2203476168704,
        "WS":  258048
    },
    {
        "StartTime":  null,
        "Handles":  484,
        "Name":  "FileSyncHelper",
        "NPM":  19336,
        "PM":  6029312,
        "SI":  0,
        "VM":  2203460329472,
        "WS":  2138112
    },
    {
        "StartTime":  null,
        "Handles":  43,
        "Name":  "fontdrvhost",
        "NPM":  8032,
        "PM":  2007040,
        "SI":  1,
        "VM":  2203394494464,
        "WS":  77824
    },
    {
        "StartTime":  null,
        "Handles":  43,
        "Name":  "fontdrvhost",
        "NPM":  8032,
        "PM":  2011136,
        "SI":  0,
        "VM":  2203396116480,
        "WS":  36864
    },
    {
        "StartTime":  null,
        "Handles":  0,
        "Name":  "Idle",
        "NPM":  272,
        "PM":  61440,
        "SI":  0,
        "VM":  8192,
        "WS":  8192
    },
    {
        "StartTime":  null,
        "Handles":  413,
        "Name":  "IntelAudioService",
        "NPM":  38896,
        "PM":  44470272,
        "SI":  0,
        "VM":  4991414272,
        "WS":  6447104
    },
    {
        "StartTime":  null,
        "Handles":  150,
        "Name":  "IntelCpHDCPSvc",
        "NPM":  8776,
        "PM":  1593344,
        "SI":  0,
        "VM":  2203404288000,
        "WS":  163840
    },
    {
        "StartTime":  null,
        "Handles":  378,
        "Name":  "IntelGraphicsSoftware.Service",
        "NPM":  42416,
        "PM":  8994816,
        "SI":  0,
        "VM":  2237563572224,
        "WS":  4923392
    },
    {
        "StartTime":  "\/Date(1771854608847)\/",
        "Handles":  181,
        "Name":  "ipf_helper",
        "NPM":  11488,
        "PM":  2211840,
        "SI":  1,
        "VM":  2203428548608,
        "WS":  966656
    },
    {
        "StartTime":  null,
        "Handles":  149,
        "Name":  "ipf_uf",
        "NPM":  9864,
        "PM":  2330624,
        "SI":  0,
        "VM":  2203405709312,
        "WS":  1368064
    },
    {
        "StartTime":  null,
        "Handles":  143,
        "Name":  "ipfsvc",
        "NPM":  13032,
        "PM":  1740800,
        "SI":  0,
        "VM":  2203397365760,
        "WS":  151552
    },
    {
        "StartTime":  null,
        "Handles":  145,
        "Name":  "jhi_service",
        "NPM":  9872,
        "PM":  1568768,
        "SI":  0,
        "VM":  2203400519680,
        "WS":  20480
    },
    {
        "StartTime":  "\/Date(1771854974239)\/",
        "Handles":  172,
        "Name":  "jusched",
        "NPM":  11960,
        "PM":  1597440,
        "SI":  1,
        "VM":  76124160,
        "WS":  24576
    },
    {
        "StartTime":  "\/Date(1771854638169)\/",
        "Handles":  852,
        "Name":  "LockApp",
        "NPM":  36128,
        "PM":  52092928,
        "SI":  1,
        "VM":  2203841441792,
        "WS":  31883264
    },
    {
        "StartTime":  null,
        "Handles":  62,
        "Name":  "LsaIso",
        "NPM":  10208,
        "PM":  1495040,
        "SI":  0,
        "VM":  4348399616,
        "WS":  741376
    },
    {
        "StartTime":  null,
        "Handles":  2062,
        "Name":  "lsass",
        "NPM":  29520,
        "PM":  13025280,
        "SI":  0,
        "VM":  2203469578240,
        "WS":  11677696
    },
    {
        "StartTime":  null,
        "Handles":  1333,
        "Name":  "mc-fw-host",
        "NPM":  101560,
        "PM":  379756544,
        "SI":  0,
        "VM":  2238970073088,
        "WS":  143093760
    },
    {
        "StartTime":  "\/Date(1771854611183)\/",
        "Handles":  375,
        "Name":  "mc-fw-host",
        "NPM":  31192,
        "PM":  11104256,
        "SI":  1,
        "VM":  2203580432384,
        "WS":  6447104
    },
    {
        "StartTime":  null,
        "Handles":  380,
        "Name":  "mc-neo-host",
        "NPM":  21464,
        "PM":  26251264,
        "SI":  0,
        "VM":  2203910987776,
        "WS":  9498624
    },
    {
        "StartTime":  null,
        "Handles":  0,
        "Name":  "Memory Compression",
        "NPM":  0,
        "PM":  7745536,
        "SI":  0,
        "VM":  2299658240,
        "WS":  1468485632
    },
    {
        "StartTime":  null,
        "Handles":  337,
        "Name":  "MidiSrv",
        "NPM":  17792,
        "PM":  7651328,
        "SI":  0,
        "VM":  2203443302400,
        "WS":  483328
    },
    {
        "StartTime":  null,
        "Handles":  260,
        "Name":  "msdtc",
        "NPM":  15144,
        "PM":  4042752,
        "SI":  0,
        "VM":  2203422593024,
        "WS":  20480
    },
    {
        "StartTime":  "\/Date(1771989504840)\/",
        "Handles":  1413,
        "Name":  "msedge",
        "NPM":  55024,
        "PM":  55808000,
        "SI":  1,
        "VM":  2445656367104,
        "WS":  38232064
    },
    {
        "StartTime":  "\/Date(1771989505484)\/",
        "Handles":  371,
        "Name":  "msedge",
        "NPM":  23600,
        "PM":  71049216,
        "SI":  1,
        "VM":  2359090126848,
        "WS":  7077888
    },
    {
        "StartTime":  "\/Date(1771989505133)\/",
        "Handles":  147,
        "Name":  "msedge",
        "NPM":  10752,
        "PM":  2584576,
        "SI":  1,
        "VM":  2306633265152,
        "WS":  2330624
    },
    {
        "StartTime":  "\/Date(1771989505686)\/",
        "Handles":  172,
        "Name":  "msedge",
        "NPM":  12112,
        "PM":  9326592,
        "SI":  1,
        "VM":  2358556655616,
        "WS":  2609152
    },
    {
        "StartTime":  "\/Date(1771989505482)\/",
        "Handles":  336,
        "Name":  "msedge",
        "NPM":  20984,
        "PM":  18468864,
        "SI":  1,
        "VM":  2358763704320,
        "WS":  5787648
    },
    {
        "StartTime":  "\/Date(1771854635626)\/",
        "Handles":  150,
        "Name":  "msedgewebview2",
        "NPM":  10208,
        "PM":  2609152,
        "SI":  1,
        "VM":  2306627932160,
        "WS":  253952
    },
    {
        "StartTime":  "\/Date(1771854922044)\/",
        "Handles":  382,
        "Name":  "msedgewebview2",
        "NPM":  24184,
        "PM":  14835712,
        "SI":  1,
        "VM":  2358798819328,
        "WS":  17199104
    },
    {
        "StartTime":  "\/Date(1771854696839)\/",
        "Handles":  1441,
        "Name":  "msedgewebview2",
        "NPM":  59072,
        "PM":  48787456,
        "SI":  1,
        "VM":  2411043577856,
        "WS":  6885376
    },
    {
        "StartTime":  "\/Date(1771854696882)\/",
        "Handles":  159,
        "Name":  "msedgewebview2",
        "NPM":  11024,
        "PM":  2678784,
        "SI":  1,
        "VM":  2306645360640,
        "WS":  602112
    },
    {
        "StartTime":  "\/Date(1771854953812)\/",
        "Handles":  1457,
        "Name":  "msedgewebview2",
        "NPM":  58288,
        "PM":  49033216,
        "SI":  1,
        "VM":  2410975068160,
        "WS":  47218688
    },
    {
        "StartTime":  "\/Date(1771854933392)\/",
        "Handles":  356,
        "Name":  "msedgewebview2",
        "NPM":  38240,
        "PM":  111804416,
        "SI":  1,
        "VM":  3815992594432,
        "WS":  43139072
    },
    {
        "StartTime":  "\/Date(1771854922196)\/",
        "Handles":  172,
        "Name":  "msedgewebview2",
        "NPM":  12248,
        "PM":  9424896,
        "SI":  1,
        "VM":  2358556241920,
        "WS":  3121152
    },
    {
        "StartTime":  "\/Date(1771854955329)\/",
        "Handles":  173,
        "Name":  "msedgewebview2",
        "NPM":  12248,
        "PM":  9449472,
        "SI":  1,
        "VM":  2358556241920,
        "WS":  3608576
    },
    {
        "StartTime":  "\/Date(1771854921300)\/",
        "Handles":  1456,
        "Name":  "msedgewebview2",
        "NPM":  57992,
        "PM":  48553984,
        "SI":  1,
        "VM":  2410990575616,
        "WS":  46993408
    },
    {
        "StartTime":  "\/Date(1771854697204)\/",
        "Handles":  180,
        "Name":  "msedgewebview2",
        "NPM":  12248,
        "PM":  11730944,
        "SI":  1,
        "VM":  2358556241920,
        "WS":  94208
    },
    {
        "StartTime":  "\/Date(1771854697142)\/",
        "Handles":  368,
        "Name":  "msedgewebview2",
        "NPM":  22344,
        "PM":  14331904,
        "SI":  1,
        "VM":  2358813736960,
        "WS":  671744
    },
    {
        "StartTime":  "\/Date(1771854635386)\/",
        "Handles":  1200,
        "Name":  "msedgewebview2",
        "NPM":  56400,
        "PM":  44961792,
        "SI":  1,
        "VM":  2410970468352,
        "WS":  22265856
    },
    {
        "StartTime":  "\/Date(1771854922057)\/",
        "Handles":  461,
        "Name":  "msedgewebview2",
        "NPM":  25840,
        "PM":  63148032,
        "SI":  1,
        "VM":  2359060955136,
        "WS":  10395648
    },
    {
        "StartTime":  "\/Date(1771854697486)\/",
        "Handles":  447,
        "Name":  "msedgewebview2",
        "NPM":  31976,
        "PM":  133623808,
        "SI":  1,
        "VM":  3814225448960,
        "WS":  2564096
    },
    {
        "StartTime":  "\/Date(1771854636523)\/",
        "Handles":  370,
        "Name":  "msedgewebview2",
        "NPM":  21936,
        "PM":  15347712,
        "SI":  1,
        "VM":  2358816067584,
        "WS":  7122944
    },
    {
        "StartTime":  "\/Date(1771854636523)\/",
        "Handles":  814,
        "Name":  "msedgewebview2",
        "NPM":  26792,
        "PM":  88076288,
        "SI":  1,
        "VM":  2359146962944,
        "WS":  9207808
    },
    {
        "StartTime":  "\/Date(1771854636753)\/",
        "Handles":  178,
        "Name":  "msedgewebview2",
        "NPM":  11840,
        "PM":  10268672,
        "SI":  1,
        "VM":  2358556217344,
        "WS":  2330624
    },
    {
        "StartTime":  "\/Date(1771854637028)\/",
        "Handles":  403,
        "Name":  "msedgewebview2",
        "NPM":  33736,
        "PM":  71245824,
        "SI":  1,
        "VM":  3817735290880,
        "WS":  5406720
    },
    {
        "StartTime":  "\/Date(1771854697143)\/",
        "Handles":  945,
        "Name":  "msedgewebview2",
        "NPM":  27200,
        "PM":  118534144,
        "SI":  1,
        "VM":  2359196893184,
        "WS":  2031616
    },
    {
        "StartTime":  "\/Date(1771854955085)\/",
        "Handles":  391,
        "Name":  "msedgewebview2",
        "NPM":  24592,
        "PM":  14344192,
        "SI":  1,
        "VM":  2358831325184,
        "WS":  17534976
    },
    {
        "StartTime":  "\/Date(1771854955097)\/",
        "Handles":  532,
        "Name":  "msedgewebview2",
        "NPM":  27200,
        "PM":  75419648,
        "SI":  1,
        "VM":  2359111688192,
        "WS":  10747904
    },
    {
        "StartTime":  "\/Date(1771854921545)\/",
        "Handles":  151,
        "Name":  "msedgewebview2",
        "NPM":  11024,
        "PM":  2686976,
        "SI":  1,
        "VM":  2306661502976,
        "WS":  1777664
    },
    {
        "StartTime":  "\/Date(1771854954143)\/",
        "Handles":  151,
        "Name":  "msedgewebview2",
        "NPM":  11024,
        "PM":  2682880,
        "SI":  1,
        "VM":  2306661502976,
        "WS":  1855488
    },
    {
        "StartTime":  "\/Date(1771854971565)\/",
        "Handles":  366,
        "Name":  "msedgewebview2",
        "NPM":  40384,
        "PM":  218484736,
        "SI":  1,
        "VM":  3815994216448,
        "WS":  50327552
    },
    {
        "StartTime":  null,
        "Handles":  53,
        "Name":  "NgcIso",
        "NPM":  6128,
        "PM":  1224704,
        "SI":  0,
        "VM":  4346728448,
        "WS":  4096
    },
    {
        "StartTime":  null,
        "Handles":  794,
        "Name":  "OfficeClickToRun",
        "NPM":  28096,
        "PM":  33468416,
        "SI":  0,
        "VM":  2203583651840,
        "WS":  7634944
    },
    {
        "StartTime":  "\/Date(1771854726002)\/",
        "Handles":  1203,
        "Name":  "OneDrive",
        "NPM":  67552,
        "PM":  132763648,
        "SI":  1,
        "VM":  2207410540544,
        "WS":  21835776
    },
    {
        "StartTime":  "\/Date(1771945677104)\/",
        "Handles":  551,
        "Name":  "OneDrive.Sync.Service",
        "NPM":  28896,
        "PM":  42905600,
        "SI":  1,
        "VM":  2203605856256,
        "WS":  4456448
    },
    {
        "StartTime":  "\/Date(1771994675229)\/",
        "Handles":  62,
        "Name":  "pet",
        "NPM":  6264,
        "PM":  2883584,
        "SI":  1,
        "VM":  2203380846592,
        "WS":  4251648
    },
    {
        "StartTime":  "\/Date(1771855415696)\/",
        "Handles":  1314,
        "Name":  "PhoneExperienceHost",
        "NPM":  143344,
        "PM":  100605952,
        "SI":  1,
        "VM":  2238225924096,
        "WS":  15159296
    },
    {
        "StartTime":  "\/Date(1771986496151)\/",
        "Handles":  540,
        "Name":  "powershell",
        "NPM":  34712,
        "PM":  67371008,
        "SI":  1,
        "VM":  2204046675968,
        "WS":  30175232
    },
    {
        "StartTime":  "\/Date(1771905469286)\/",
        "Handles":  477,
        "Name":  "powershell",
        "NPM":  31192,
        "PM":  67706880,
        "SI":  1,
        "VM":  2204028903424,
        "WS":  26198016
    },
    {
        "StartTime":  "\/Date(1771909716273)\/",
        "Handles":  495,
        "Name":  "powershell",
        "NPM":  31192,
        "PM":  74153984,
        "SI":  1,
        "VM":  2204028895232,
        "WS":  34680832
    },
    {
        "StartTime":  "\/Date(1771986442360)\/",
        "Handles":  479,
        "Name":  "powershell",
        "NPM":  31192,
        "PM":  64798720,
        "SI":  1,
        "VM":  2204028866560,
        "WS":  29237248
    },
    {
        "StartTime":  "\/Date(1771995344760)\/",
        "Handles":  588,
        "Name":  "powershell",
        "NPM":  30864,
        "PM":  62562304,
        "SI":  1,
        "VM":  2204027441152,
        "WS":  73367552
    },
    {
        "StartTime":  "\/Date(1771993402393)\/",
        "Handles":  574,
        "Name":  "powershell",
        "NPM":  31192,
        "PM":  75161600,
        "SI":  1,
        "VM":  2204028911616,
        "WS":  36372480
    },
    {
        "StartTime":  "\/Date(1771994693307)\/",
        "Handles":  662,
        "Name":  "powershell",
        "NPM":  31328,
        "PM":  73981952,
        "SI":  1,
        "VM":  2204025757696,
        "WS":  33648640
    },
    {
        "StartTime":  "\/Date(1771994814785)\/",
        "Handles":  802,
        "Name":  "powershell",
        "NPM":  62352,
        "PM":  104103936,
        "SI":  1,
        "VM":  2204074999808,
        "WS":  62173184
    },
    {
        "StartTime":  "\/Date(1771995342671)\/",
        "Handles":  624,
        "Name":  "powershell",
        "NPM":  32016,
        "PM":  60379136,
        "SI":  1,
        "VM":  2204029186048,
        "WS":  74285056
    },
    {
        "StartTime":  "\/Date(1771994718547)\/",
        "Handles":  646,
        "Name":  "powershell",
        "NPM":  31328,
        "PM":  74133504,
        "SI":  1,
        "VM":  2204025774080,
        "WS":  39845888
    },
    {
        "StartTime":  "\/Date(1771986386081)\/",
        "Handles":  481,
        "Name":  "powershell",
        "NPM":  31056,
        "PM":  64835584,
        "SI":  1,
        "VM":  2204024696832,
        "WS":  30199808
    },
    {
        "StartTime":  "\/Date(1771990309078)\/",
        "Handles":  479,
        "Name":  "powershell",
        "NPM":  31192,
        "PM":  65929216,
        "SI":  1,
        "VM":  2204028870656,
        "WS":  30253056
    },
    {
        "StartTime":  "\/Date(1771990444279)\/",
        "Handles":  479,
        "Name":  "powershell",
        "NPM":  31192,
        "PM":  64753664,
        "SI":  1,
        "VM":  2204028891136,
        "WS":  32141312
    },
    {
        "StartTime":  "\/Date(1771986160298)\/",
        "Handles":  577,
        "Name":  "powershell",
        "NPM":  33096,
        "PM":  76926976,
        "SI":  1,
        "VM":  2204032770048,
        "WS":  25378816
    },
    {
        "StartTime":  "\/Date(1771994237894)\/",
        "Handles":  594,
        "Name":  "powershell",
        "NPM":  32680,
        "PM":  69386240,
        "SI":  1,
        "VM":  2204031234048,
        "WS":  49803264
    },
    {
        "StartTime":  "\/Date(1771990486341)\/",
        "Handles":  603,
        "Name":  "powershell",
        "NPM":  34168,
        "PM":  68382720,
        "SI":  1,
        "VM":  2204038889472,
        "WS":  29700096
    },
    {
        "StartTime":  "\/Date(1771905380943)\/",
        "Handles":  489,
        "Name":  "powershell",
        "NPM":  31056,
        "PM":  64253952,
        "SI":  1,
        "VM":  2204024725504,
        "WS":  27148288
    },
    {
        "StartTime":  "\/Date(1771946046320)\/",
        "Handles":  493,
        "Name":  "powershell",
        "NPM":  31192,
        "PM":  65581056,
        "SI":  1,
        "VM":  2204028928000,
        "WS":  31670272
    },
    {
        "StartTime":  null,
        "Handles":  297,
        "Name":  "PresentMonService",
        "NPM":  12760,
        "PM":  6934528,
        "SI":  0,
        "VM":  4426792960,
        "WS":  765952
    },
    {
        "StartTime":  null,
        "Handles":  236,
        "Name":  "QuickShareService",
        "NPM":  12472,
        "PM":  17494016,
        "SI":  0,
        "VM":  281822191616,
        "WS":  708608
    },
    {
        "StartTime":  null,
        "Handles":  0,
        "Name":  "Registry",
        "NPM":  29376,
        "PM":  12566528,
        "SI":  0,
        "VM":  246919168,
        "WS":  61153280
    },
    {
        "StartTime":  null,
        "Handles":  172,
        "Name":  "RstMwService",
        "NPM":  11224,
        "PM":  2396160,
        "SI":  0,
        "VM":  2203415773184,
        "WS":  20480
    },
    {
        "StartTime":  null,
        "Handles":  146,
        "Name":  "RtkBtManServ",
        "NPM":  7608,
        "PM":  1581056,
        "SI":  0,
        "VM":  2203387559936,
        "WS":  155648
    },
    {
        "StartTime":  "\/Date(1771854915192)\/",
        "Handles":  156,
        "Name":  "RuntimeBroker",
        "NPM":  10616,
        "PM":  2580480,
        "SI":  1,
        "VM":  2203437240320,
        "WS":  1994752
    },
    {
        "StartTime":  "\/Date(1771854639044)\/",
        "Handles":  573,
        "Name":  "RuntimeBroker",
        "NPM":  25080,
        "PM":  12230656,
        "SI":  1,
        "VM":  2203543781376,
        "WS":  32677888
    },
    {
        "StartTime":  "\/Date(1771855726890)\/",
        "Handles":  146,
        "Name":  "RuntimeBroker",
        "NPM":  9528,
        "PM":  2433024,
        "SI":  1,
        "VM":  2203433590784,
        "WS":  1511424
    },
    {
        "StartTime":  "\/Date(1771854885740)\/",
        "Handles":  240,
        "Name":  "RuntimeBroker",
        "NPM":  13472,
        "PM":  3231744,
        "SI":  1,
        "VM":  2203462823936,
        "WS":  2674688
    },
    {
        "StartTime":  "\/Date(1771854650962)\/",
        "Handles":  164,
        "Name":  "RuntimeBroker",
        "NPM":  10888,
        "PM":  2703360,
        "SI":  1,
        "VM":  2203438227456,
        "WS":  2027520
    },
    {
        "StartTime":  "\/Date(1771854632758)\/",
        "Handles":  844,
        "Name":  "RuntimeBroker",
        "NPM":  36352,
        "PM":  19378176,
        "SI":  1,
        "VM":  2203659816960,
        "WS":  10346496
    },
    {
        "StartTime":  "\/Date(1771854946880)\/",
        "Handles":  164,
        "Name":  "RuntimeBroker",
        "NPM":  10888,
        "PM":  2666496,
        "SI":  1,
        "VM":  2203438227456,
        "WS":  2064384
    },
    {
        "StartTime":  "\/Date(1771855727187)\/",
        "Handles":  154,
        "Name":  "RuntimeBroker",
        "NPM":  9664,
        "PM":  2519040,
        "SI":  1,
        "VM":  2203432939520,
        "WS":  1429504
    },
    {
        "StartTime":  "\/Date(1771855816453)\/",
        "Handles":  279,
        "Name":  "RuntimeBroker",
        "NPM":  14152,
        "PM":  3743744,
        "SI":  1,
        "VM":  2203471990784,
        "WS":  14737408
    },
    {
        "StartTime":  "\/Date(1771854631622)\/",
        "Handles":  1095,
        "Name":  "SearchHost",
        "NPM":  51488,
        "PM":  86016000,
        "SI":  1,
        "VM":  2255589281792,
        "WS":  12759040
    },
    {
        "StartTime":  null,
        "Handles":  1239,
        "Name":  "SearchIndexer",
        "NPM":  22144,
        "PM":  28463104,
        "SI":  0,
        "VM":  2203531800576,
        "WS":  15253504
    },
    {
        "StartTime":  null,
        "Handles":  0,
        "Name":  "Secure System",
        "NPM":  272,
        "PM":  180224,
        "SI":  0,
        "VM":  2768896,
        "WS":  64679936
    },
    {
        "StartTime":  null,
        "Handles":  494,
        "Name":  "SecurityHealthService",
        "NPM":  22456,
        "PM":  8056832,
        "SI":  0,
        "VM":  2203507044352,
        "WS":  1388544
    },
    {
        "StartTime":  "\/Date(1771854665754)\/",
        "Handles":  183,
        "Name":  "SecurityHealthSystray",
        "NPM":  11024,
        "PM":  2170880,
        "SI":  1,
        "VM":  2203436359680,
        "WS":  65536
    },
    {
        "StartTime":  null,
        "Handles":  722,
        "Name":  "servicehost",
        "NPM":  40960,
        "PM":  26386432,
        "SI":  0,
        "VM":  2238210121728,
        "WS":  18706432
    },
    {
        "StartTime":  null,
        "Handles":  985,
        "Name":  "services",
        "NPM":  19264,
        "PM":  7671808,
        "SI":  0,
        "VM":  2203438141440,
        "WS":  7389184
    },
    {
        "StartTime":  "\/Date(1771855815677)\/",
        "Handles":  716,
        "Name":  "ShellExperienceHost",
        "NPM":  31800,
        "PM":  47243264,
        "SI":  1,
        "VM":  2203832422400,
        "WS":  30277632
    },
    {
        "StartTime":  "\/Date(1771946237902)\/",
        "Handles":  447,
        "Name":  "ShellHost",
        "NPM":  22448,
        "PM":  39378944,
        "SI":  1,
        "VM":  2203741138944,
        "WS":  6172672
    },
    {
        "StartTime":  "\/Date(1771854618051)\/",
        "Handles":  787,
        "Name":  "sihost",
        "NPM":  25160,
        "PM":  8708096,
        "SI":  1,
        "VM":  2203558432768,
        "WS":  19550208
    },
    {
        "StartTime":  null,
        "Handles":  58,
        "Name":  "smss",
        "NPM":  4464,
        "PM":  1314816,
        "SI":  0,
        "VM":  2203376168960,
        "WS":  4096
    },
    {
        "StartTime":  null,
        "Handles":  432,
        "Name":  "spoolsv",
        "NPM":  21632,
        "PM":  5963776,
        "SI":  0,
        "VM":  2203432243200,
        "WS":  208896
    },
    {
        "StartTime":  "\/Date(1771854631465)\/",
        "Handles":  1000,
        "Name":  "StartMenuExperienceHost",
        "NPM":  49200,
        "PM":  107147264,
        "SI":  1,
        "VM":  2207238586368,
        "WS":  53665792
    },
    {
        "StartTime":  null,
        "Handles":  1156,
        "Name":  "SupportAssistAgent",
        "NPM":  322280,
        "PM":  116977664,
        "SI":  0,
        "VM":  2481335447552,
        "WS":  31330304
    },
    {
        "StartTime":  null,
        "Handles":  361,
        "Name":  "svchost",
        "NPM":  17728,
        "PM":  6901760,
        "SI":  0,
        "VM":  2203422265344,
        "WS":  6721536
    },
    {
        "StartTime":  null,
        "Handles":  1421,
        "Name":  "svchost",
        "NPM":  29200,
        "PM":  15568896,
        "SI":  0,
        "VM":  2203498045440,
        "WS":  24231936
    },
    {
        "StartTime":  null,
        "Handles":  1691,
        "Name":  "svchost",
        "NPM":  23008,
        "PM":  10592256,
        "SI":  0,
        "VM":  2203422699520,
        "WS":  13107200
    },
    {
        "StartTime":  null,
        "Handles":  358,
        "Name":  "svchost",
        "NPM":  15248,
        "PM":  3461120,
        "SI":  0,
        "VM":  2203416850432,
        "WS":  3837952
    },
    {
        "StartTime":  null,
        "Handles":  256,
        "Name":  "svchost",
        "NPM":  12816,
        "PM":  3129344,
        "SI":  0,
        "VM":  2203417628672,
        "WS":  2473984
    },
    {
        "StartTime":  null,
        "Handles":  179,
        "Name":  "svchost",
        "NPM":  11432,
        "PM":  3813376,
        "SI":  0,
        "VM":  2203418894336,
        "WS":  15228928
    },
    {
        "StartTime":  null,
        "Handles":  214,
        "Name":  "svchost",
        "NPM":  13264,
        "PM":  2560000,
        "SI":  0,
        "VM":  2203421913088,
        "WS":  1613824
    },
    {
        "StartTime":  null,
        "Handles":  198,
        "Name":  "svchost",
        "NPM":  8168,
        "PM":  2129920,
        "SI":  0,
        "VM":  2203411955712,
        "WS":  2019328
    },
    {
        "StartTime":  null,
        "Handles":  107,
        "Name":  "svchost",
        "NPM":  11024,
        "PM":  1458176,
        "SI":  0,
        "VM":  2203400466432,
        "WS":  892928
    },
    {
        "StartTime":  null,
        "Handles":  198,
        "Name":  "svchost",
        "NPM":  46024,
        "PM":  11423744,
        "SI":  0,
        "VM":  2203419254784,
        "WS":  3465216
    },
    {
        "StartTime":  null,
        "Handles":  261,
        "Name":  "svchost",
        "NPM":  14016,
        "PM":  3522560,
        "SI":  0,
        "VM":  2203419557888,
        "WS":  1552384
    },
    {
        "StartTime":  null,
        "Handles":  341,
        "Name":  "svchost",
        "NPM":  10888,
        "PM":  2609152,
        "SI":  0,
        "VM":  2203421229056,
        "WS":  5091328
    },
    {
        "StartTime":  null,
        "Handles":  341,
        "Name":  "svchost",
        "NPM":  13488,
        "PM":  3858432,
        "SI":  0,
        "VM":  2203425361920,
        "WS":  6963200
    },
    {
        "StartTime":  null,
        "Handles":  199,
        "Name":  "svchost",
        "NPM":  11568,
        "PM":  2752512,
        "SI":  0,
        "VM":  2203433795584,
        "WS":  1335296
    },
    {
        "StartTime":  null,
        "Handles":  362,
        "Name":  "svchost",
        "NPM":  17672,
        "PM":  3936256,
        "SI":  0,
        "VM":  2203421667328,
        "WS":  4845568
    },
    {
        "StartTime":  null,
        "Handles":  134,
        "Name":  "svchost",
        "NPM":  11960,
        "PM":  1982464,
        "SI":  0,
        "VM":  2203408089088,
        "WS":  905216
    },
    {
        "StartTime":  null,
        "Handles":  1235,
        "Name":  "svchost",
        "NPM":  23288,
        "PM":  7569408,
        "SI":  0,
        "VM":  2203437862912,
        "WS":  8548352
    },
    {
        "StartTime":  null,
        "Handles":  281,
        "Name":  "svchost",
        "NPM":  11976,
        "PM":  2965504,
        "SI":  0,
        "VM":  2203418284032,
        "WS":  5771264
    },
    {
        "StartTime":  null,
        "Handles":  462,
        "Name":  "svchost",
        "NPM":  19704,
        "PM":  5230592,
        "SI":  0,
        "VM":  2203454091264,
        "WS":  11780096
    },
    {
        "StartTime":  null,
        "Handles":  216,
        "Name":  "svchost",
        "NPM":  11872,
        "PM":  2469888,
        "SI":  0,
        "VM":  2203415298048,
        "WS":  4329472
    },
    {
        "StartTime":  null,
        "Handles":  171,
        "Name":  "svchost",
        "NPM":  11312,
        "PM":  2437120,
        "SI":  0,
        "VM":  2203422552064,
        "WS":  1310720
    },
    {
        "StartTime":  null,
        "Handles":  1311,
        "Name":  "svchost",
        "NPM":  15648,
        "PM":  3469312,
        "SI":  0,
        "VM":  2203422867456,
        "WS":  2981888
    },
    {
        "StartTime":  null,
        "Handles":  363,
        "Name":  "svchost",
        "NPM":  13856,
        "PM":  4300800,
        "SI":  0,
        "VM":  2203431051264,
        "WS":  2121728
    },
    {
        "StartTime":  null,
        "Handles":  539,
        "Name":  "svchost",
        "NPM":  14904,
        "PM":  19853312,
        "SI":  0,
        "VM":  2203448270848,
        "WS":  8491008
    },
    {
        "StartTime":  null,
        "Handles":  400,
        "Name":  "svchost",
        "NPM":  8576,
        "PM":  1667072,
        "SI":  0,
        "VM":  2203406929920,
        "WS":  1167360
    },
    {
        "StartTime":  null,
        "Handles":  244,
        "Name":  "svchost",
        "NPM":  15168,
        "PM":  3694592,
        "SI":  0,
        "VM":  2207861735424,
        "WS":  6524928
    },
    {
        "StartTime":  null,
        "Handles":  193,
        "Name":  "svchost",
        "NPM":  10808,
        "PM":  2613248,
        "SI":  0,
        "VM":  2203415715840,
        "WS":  1597440
    },
    {
        "StartTime":  null,
        "Handles":  190,
        "Name":  "svchost",
        "NPM":  13336,
        "PM":  2256896,
        "SI":  0,
        "VM":  2203416268800,
        "WS":  1703936
    },
    {
        "StartTime":  null,
        "Handles":  194,
        "Name":  "svchost",
        "NPM":  11504,
        "PM":  2285568,
        "SI":  0,
        "VM":  2203416059904,
        "WS":  1687552
    },
    {
        "StartTime":  null,
        "Handles":  215,
        "Name":  "svchost",
        "NPM":  13040,
        "PM":  2613248,
        "SI":  0,
        "VM":  2203468853248,
        "WS":  3399680
    },
    {
        "StartTime":  null,
        "Handles":  428,
        "Name":  "svchost",
        "NPM":  15632,
        "PM":  4194304,
        "SI":  0,
        "VM":  2203443642368,
        "WS":  8515584
    },
    {
        "StartTime":  null,
        "Handles":  204,
        "Name":  "svchost",
        "NPM":  11016,
        "PM":  2109440,
        "SI":  0,
        "VM":  2203415310336,
        "WS":  1380352
    },
    {
        "StartTime":  "\/Date(1771854618108)\/",
        "Handles":  507,
        "Name":  "svchost",
        "NPM":  18832,
        "PM":  10575872,
        "SI":  1,
        "VM":  2203468312576,
        "WS":  3719168
    },
    {
        "StartTime":  null,
        "Handles":  130,
        "Name":  "svchost",
        "NPM":  8440,
        "PM":  1720320,
        "SI":  0,
        "VM":  2203403751424,
        "WS":  3219456
    },
    {
        "StartTime":  null,
        "Handles":  353,
        "Name":  "svchost",
        "NPM":  11568,
        "PM":  19521536,
        "SI":  0,
        "VM":  2203484196864,
        "WS":  20590592
    },
    {
        "StartTime":  null,
        "Handles":  225,
        "Name":  "svchost",
        "NPM":  11944,
        "PM":  2572288,
        "SI":  0,
        "VM":  2203417960448,
        "WS":  3088384
    },
    {
        "StartTime":  null,
        "Handles":  571,
        "Name":  "svchost",
        "NPM":  26544,
        "PM":  7163904,
        "SI":  0,
        "VM":  2203477577728,
        "WS":  7725056
    },
    {
        "StartTime":  null,
        "Handles":  277,
        "Name":  "svchost",
        "NPM":  16672,
        "PM":  3571712,
        "SI":  0,
        "VM":  2203457695744,
        "WS":  2134016
    },
    {
        "StartTime":  null,
        "Handles":  546,
        "Name":  "svchost",
        "NPM":  35312,
        "PM":  14798848,
        "SI":  0,
        "VM":  2203457347584,
        "WS":  5001216
    },
    {
        "StartTime":  null,
        "Handles":  349,
        "Name":  "svchost",
        "NPM":  29768,
        "PM":  4603904,
        "SI":  0,
        "VM":  2203585019904,
        "WS":  4202496
    },
    {
        "StartTime":  null,
        "Handles":  325,
        "Name":  "svchost",
        "NPM":  10880,
        "PM":  2539520,
        "SI":  0,
        "VM":  2203421614080,
        "WS":  1998848
    },
    {
        "StartTime":  null,
        "Handles":  137,
        "Name":  "svchost",
        "NPM":  9256,
        "PM":  1732608,
        "SI":  0,
        "VM":  2203404324864,
        "WS":  1835008
    },
    {
        "StartTime":  null,
        "Handles":  185,
        "Name":  "svchost",
        "NPM":  11376,
        "PM":  2060288,
        "SI":  0,
        "VM":  2203416543232,
        "WS":  2473984
    },
    {
        "StartTime":  null,
        "Handles":  177,
        "Name":  "svchost",
        "NPM":  12504,
        "PM":  1822720,
        "SI":  0,
        "VM":  2203411173376,
        "WS":  544768
    },
    {
        "StartTime":  null,
        "Handles":  738,
        "Name":  "svchost",
        "NPM":  33216,
        "PM":  29528064,
        "SI":  0,
        "VM":  2203571941376,
        "WS":  27873280
    },
    {
        "StartTime":  null,
        "Handles":  393,
        "Name":  "svchost",
        "NPM":  21512,
        "PM":  3358720,
        "SI":  0,
        "VM":  2204498759680,
        "WS":  716800
    },
    {
        "StartTime":  null,
        "Handles":  472,
        "Name":  "svchost",
        "NPM":  22128,
        "PM":  47861760,
        "SI":  0,
        "VM":  2203683500032,
        "WS":  22962176
    },
    {
        "StartTime":  null,
        "Handles":  133,
        "Name":  "svchost",
        "NPM":  8952,
        "PM":  1503232,
        "SI":  0,
        "VM":  2203401822208,
        "WS":  237568
    },
    {
        "StartTime":  null,
        "Handles":  448,
        "Name":  "svchost",
        "NPM":  20816,
        "PM":  5349376,
        "SI":  0,
        "VM":  2203464351744,
        "WS":  8761344
    },
    {
        "StartTime":  null,
        "Handles":  645,
        "Name":  "svchost",
        "NPM":  18880,
        "PM":  18284544,
        "SI":  0,
        "VM":  2203475210240,
        "WS":  19869696
    },
    {
        "StartTime":  null,
        "Handles":  141,
        "Name":  "svchost",
        "NPM":  9800,
        "PM":  2535424,
        "SI":  0,
        "VM":  2203412422656,
        "WS":  1564672
    },
    {
        "StartTime":  null,
        "Handles":  196,
        "Name":  "svchost",
        "NPM":  10888,
        "PM":  2252800,
        "SI":  0,
        "VM":  2203412287488,
        "WS":  1224704
    },
    {
        "StartTime":  null,
        "Handles":  126,
        "Name":  "svchost",
        "NPM":  9296,
        "PM":  1912832,
        "SI":  0,
        "VM":  2203406401536,
        "WS":  1028096
    },
    {
        "StartTime":  null,
        "Handles":  216,
        "Name":  "svchost",
        "NPM":  13200,
        "PM":  2609152,
        "SI":  0,
        "VM":  2203419926528,
        "WS":  1728512
    },
    {
        "StartTime":  "\/Date(1771854629601)\/",
        "Handles":  290,
        "Name":  "svchost",
        "NPM":  14696,
        "PM":  4276224,
        "SI":  1,
        "VM":  2203496538112,
        "WS":  3342336
    },
    {
        "StartTime":  null,
        "Handles":  516,
        "Name":  "svchost",
        "NPM":  19632,
        "PM":  7069696,
        "SI":  0,
        "VM":  2203483037696,
        "WS":  14262272
    },
    {
        "StartTime":  null,
        "Handles":  206,
        "Name":  "svchost",
        "NPM":  11160,
        "PM":  2330624,
        "SI":  0,
        "VM":  2203420516352,
        "WS":  1650688
    },
    {
        "StartTime":  null,
        "Handles":  135,
        "Name":  "svchost",
        "NPM":  9528,
        "PM":  2056192,
        "SI":  0,
        "VM":  2203411828736,
        "WS":  1245184
    },
    {
        "StartTime":  null,
        "Handles":  314,
        "Name":  "svchost",
        "NPM":  18192,
        "PM":  5173248,
        "SI":  0,
        "VM":  2203451183104,
        "WS":  6930432
    },
    {
        "StartTime":  null,
        "Handles":  268,
        "Name":  "svchost",
        "NPM":  14600,
        "PM":  2891776,
        "SI":  0,
        "VM":  2203432280064,
        "WS":  5885952
    },
    {
        "StartTime":  "\/Date(1771854618194)\/",
        "Handles":  106,
        "Name":  "svchost",
        "NPM":  7624,
        "PM":  1495040,
        "SI":  1,
        "VM":  2203423821824,
        "WS":  925696
    },
    {
        "StartTime":  "\/Date(1771854618285)\/",
        "Handles":  510,
        "Name":  "svchost",
        "NPM":  20440,
        "PM":  9703424,
        "SI":  1,
        "VM":  2203561254912,
        "WS":  19263488
    },
    {
        "StartTime":  null,
        "Handles":  450,
        "Name":  "svchost",
        "NPM":  21704,
        "PM":  5939200,
        "SI":  0,
        "VM":  2203453931520,
        "WS":  2830336
    },
    {
        "StartTime":  null,
        "Handles":  285,
        "Name":  "svchost",
        "NPM":  14696,
        "PM":  4620288,
        "SI":  0,
        "VM":  2203453247488,
        "WS":  14725120
    },
    {
        "StartTime":  null,
        "Handles":  208,
        "Name":  "svchost",
        "NPM":  13096,
        "PM":  2830336,
        "SI":  0,
        "VM":  2203421515776,
        "WS":  3444736
    },
    {
        "StartTime":  null,
        "Handles":  249,
        "Name":  "svchost",
        "NPM":  11912,
        "PM":  2834432,
        "SI":  0,
        "VM":  2203411656704,
        "WS":  1576960
    },
    {
        "StartTime":  null,
        "Handles":  169,
        "Name":  "svchost",
        "NPM":  12120,
        "PM":  2371584,
        "SI":  0,
        "VM":  2203419156480,
        "WS":  3493888
    },
    {
        "StartTime":  null,
        "Handles":  393,
        "Name":  "svchost",
        "NPM":  19632,
        "PM":  10059776,
        "SI":  0,
        "VM":  2203502952448,
        "WS":  4116480
    },
    {
        "StartTime":  null,
        "Handles":  1014,
        "Name":  "svchost",
        "NPM":  20640,
        "PM":  11882496,
        "SI":  0,
        "VM":  2203492597760,
        "WS":  3301376
    },
    {
        "StartTime":  null,
        "Handles":  367,
        "Name":  "svchost",
        "NPM":  24944,
        "PM":  46288896,
        "SI":  0,
        "VM":  2203630403584,
        "WS":  19378176
    },
    {
        "StartTime":  null,
        "Handles":  291,
        "Name":  "svchost",
        "NPM":  13744,
        "PM":  3624960,
        "SI":  0,
        "VM":  2203441606656,
        "WS":  3751936
    },
    {
        "StartTime":  "\/Date(1771854639859)\/",
        "Handles":  261,
        "Name":  "svchost",
        "NPM":  13200,
        "PM":  3158016,
        "SI":  1,
        "VM":  2203467509760,
        "WS":  5627904
    },
    {
        "StartTime":  "\/Date(1771854632777)\/",
        "Handles":  272,
        "Name":  "svchost",
        "NPM":  15648,
        "PM":  4055040,
        "SI":  1,
        "VM":  2203480760320,
        "WS":  2617344
    },
    {
        "StartTime":  null,
        "Handles":  169,
        "Name":  "svchost",
        "NPM":  10072,
        "PM":  2072576,
        "SI":  0,
        "VM":  2203412189184,
        "WS":  974848
    },
    {
        "StartTime":  null,
        "Handles":  317,
        "Name":  "svchost",
        "NPM":  16160,
        "PM":  4087808,
        "SI":  0,
        "VM":  2203432058880,
        "WS":  2117632
    },
    {
        "StartTime":  null,
        "Handles":  487,
        "Name":  "svchost",
        "NPM":  12592,
        "PM":  3596288,
        "SI":  0,
        "VM":  2203426697216,
        "WS":  3719168
    },
    {
        "StartTime":  null,
        "Handles":  242,
        "Name":  "svchost",
        "NPM":  14400,
        "PM":  3674112,
        "SI":  0,
        "VM":  2203430998016,
        "WS":  7557120
    },
    {
        "StartTime":  null,
        "Handles":  224,
        "Name":  "svchost",
        "NPM":  13672,
        "PM":  2273280,
        "SI":  0,
        "VM":  2203415134208,
        "WS":  946176
    },
    {
        "StartTime":  null,
        "Handles":  198,
        "Name":  "svchost",
        "NPM":  16056,
        "PM":  7389184,
        "SI":  0,
        "VM":  2203706814464,
        "WS":  1482752
    },
    {
        "StartTime":  null,
        "Handles":  339,
        "Name":  "svchost",
        "NPM":  16640,
        "PM":  4521984,
        "SI":  0,
        "VM":  2203452481536,
        "WS":  1839104
    },
    {
        "StartTime":  null,
        "Handles":  120,
        "Name":  "svchost",
        "NPM":  8424,
        "PM":  1548288,
        "SI":  0,
        "VM":  2203402899456,
        "WS":  598016
    },
    {
        "StartTime":  null,
        "Handles":  261,
        "Name":  "svchost",
        "NPM":  15280,
        "PM":  4202496,
        "SI":  0,
        "VM":  2203444928512,
        "WS":  2973696
    },
    {
        "StartTime":  null,
        "Handles":  639,
        "Name":  "svchost",
        "NPM":  38160,
        "PM":  15147008,
        "SI":  0,
        "VM":  2203696517120,
        "WS":  5951488
    },
    {
        "StartTime":  null,
        "Handles":  242,
        "Name":  "svchost",
        "NPM":  18688,
        "PM":  2412544,
        "SI":  0,
        "VM":  2203415298048,
        "WS":  737280
    },
    {
        "StartTime":  "\/Date(1771867286216)\/",
        "Handles":  150,
        "Name":  "svchost",
        "NPM":  9392,
        "PM":  1974272,
        "SI":  1,
        "VM":  2203433799680,
        "WS":  1060864
    },
    {
        "StartTime":  null,
        "Handles":  170,
        "Name":  "svchost",
        "NPM":  10744,
        "PM":  2060288,
        "SI":  0,
        "VM":  2203410223104,
        "WS":  1204224
    },
    {
        "StartTime":  "\/Date(1771854738387)\/",
        "Handles":  263,
        "Name":  "svchost",
        "NPM":  13600,
        "PM":  3084288,
        "SI":  1,
        "VM":  2203444281344,
        "WS":  2138112
    },
    {
        "StartTime":  null,
        "Handles":  177,
        "Name":  "svchost",
        "NPM":  9456,
        "PM":  2043904,
        "SI":  0,
        "VM":  2203410472960,
        "WS":  6606848
    },
    {
        "StartTime":  null,
        "Handles":  157,
        "Name":  "svchost",
        "NPM":  43016,
        "PM":  1937408,
        "SI":  0,
        "VM":  2203411308544,
        "WS":  1081344
    },
    {
        "StartTime":  null,
        "Handles":  220,
        "Name":  "svchost",
        "NPM":  15944,
        "PM":  3059712,
        "SI":  0,
        "VM":  2203429732352,
        "WS":  1396736
    },
    {
        "StartTime":  null,
        "Handles":  450,
        "Name":  "svchost",
        "NPM":  27424,
        "PM":  4104192,
        "SI":  0,
        "VM":  2203444596736,
        "WS":  1961984
    },
    {
        "StartTime":  null,
        "Handles":  6676,
        "Name":  "System",
        "NPM":  272,
        "PM":  40960,
        "SI":  0,
        "VM":  4583424,
        "WS":  147456
    },
    {
        "StartTime":  "\/Date(1771854680733)\/",
        "Handles":  617,
        "Name":  "taskhostw",
        "NPM":  27992,
        "PM":  10063872,
        "SI":  1,
        "VM":  2203520761856,
        "WS":  3588096
    },
    {
        "StartTime":  "\/Date(1771854618392)\/",
        "Handles":  324,
        "Name":  "taskhostw",
        "NPM":  35800,
        "PM":  7606272,
        "SI":  1,
        "VM":  2203591573504,
        "WS":  5160960
    },
    {
        "StartTime":  "\/Date(1771995343695)\/",
        "Handles":  179,
        "Name":  "tasklist",
        "NPM":  13320,
        "PM":  2588672,
        "SI":  1,
        "VM":  2203423559680,
        "WS":  13619200
    },
    {
        "StartTime":  null,
        "Handles":  231,
        "Name":  "TiWorker",
        "NPM":  14152,
        "PM":  6275072,
        "SI":  0,
        "VM":  2203431026688,
        "WS":  20213760
    },
    {
        "StartTime":  null,
        "Handles":  144,
        "Name":  "TrustedInstaller",
        "NPM":  10072,
        "PM":  2019328,
        "SI":  0,
        "VM":  2203392507904,
        "WS":  10104832
    },
    {
        "StartTime":  "\/Date(1771995343278)\/",
        "Handles":  131,
        "Name":  "typeperf",
        "NPM":  7208,
        "PM":  7278592,
        "SI":  1,
        "VM":  2203382697984,
        "WS":  11071488
    },
    {
        "StartTime":  "\/Date(1771854608526)\/",
        "Handles":  485,
        "Name":  "uihost",
        "NPM":  28088,
        "PM":  13201408,
        "SI":  1,
        "VM":  2203547291648,
        "WS":  10706944
    },
    {
        "StartTime":  null,
        "Handles":  132,
        "Name":  "unsecapp",
        "NPM":  8984,
        "PM":  1683456,
        "SI":  0,
        "VM":  2203390939136,
        "WS":  2154496
    },
    {
        "StartTime":  "\/Date(1771854768189)\/",
        "Handles":  133,
        "Name":  "unsecapp",
        "NPM":  9392,
        "PM":  1781760,
        "SI":  1,
        "VM":  2203412115456,
        "WS":  2277376
    },
    {
        "StartTime":  null,
        "Handles":  201,
        "Name":  "vmcompute",
        "NPM":  11400,
        "PM":  3244032,
        "SI":  0,
        "VM":  2203392471040,
        "WS":  3313664
    },
    {
        "StartTime":  null,
        "Handles":  238,
        "Name":  "WavesAudioService",
        "NPM":  14552,
        "PM":  13320192,
        "SI":  0,
        "VM":  4867342336,
        "WS":  1638400
    },
    {
        "StartTime":  "\/Date(1771854695831)\/",
        "Handles":  1867,
        "Name":  "WavesSvc64",
        "NPM":  36608,
        "PM":  73117696,
        "SI":  1,
        "VM":  2203629772800,
        "WS":  10235904
    },
    {
        "StartTime":  null,
        "Handles":  1366,
        "Name":  "WavesSysSvc64",
        "NPM":  42616,
        "PM":  66596864,
        "SI":  0,
        "VM":  2203772862464,
        "WS":  4820992
    },
    {
        "StartTime":  "\/Date(1771854911993)\/",
        "Handles":  1568,
        "Name":  "WhatsApp.Root",
        "NPM":  141944,
        "PM":  106885120,
        "SI":  1,
        "VM":  2533154361344,
        "WS":  27213824
    },
    {
        "StartTime":  "\/Date(1771854942836)\/",
        "Handles":  1560,
        "Name":  "WhatsApp.Root",
        "NPM":  145360,
        "PM":  100114432,
        "SI":  1,
        "VM":  2533142339584,
        "WS":  24170496
    },
    {
        "StartTime":  "\/Date(1771854632441)\/",
        "Handles":  915,
        "Name":  "Widgets",
        "NPM":  39296,
        "PM":  16945152,
        "SI":  1,
        "VM":  2255216934912,
        "WS":  40484864
    },
    {
        "StartTime":  "\/Date(1771854633357)\/",
        "Handles":  354,
        "Name":  "WidgetService",
        "NPM":  21656,
        "PM":  6131712,
        "SI":  1,
        "VM":  2203556728832,
        "WS":  3227648
    },
    {
        "StartTime":  "\/Date(1771905723618)\/",
        "Handles":  439,
        "Name":  "WindowsPackageManagerServer",
        "NPM":  22696,
        "PM":  8822784,
        "SI":  1,
        "VM":  2203579330560,
        "WS":  4767744
    },
    {
        "StartTime":  null,
        "Handles":  163,
        "Name":  "wininit",
        "NPM":  12016,
        "PM":  1667072,
        "SI":  0,
        "VM":  2203408064512,
        "WS":  487424
    },
    {
        "StartTime":  null,
        "Handles":  294,
        "Name":  "winlogon",
        "NPM":  13672,
        "PM":  2920448,
        "SI":  1,
        "VM":  2203461353472,
        "WS":  4661248
    },
    {
        "StartTime":  null,
        "Handles":  355,
        "Name":  "WmiPrvSE",
        "NPM":  20376,
        "PM":  10895360,
        "SI":  0,
        "VM":  2203449294848,
        "WS":  5140480
    },
    {
        "StartTime":  null,
        "Handles":  225,
        "Name":  "WmiPrvSE",
        "NPM":  14288,
        "PM":  7057408,
        "SI":  0,
        "VM":  2203415085056,
        "WS":  17186816
    },
    {
        "StartTime":  null,
        "Handles":  282,
        "Name":  "WMIRegistrationService",
        "NPM":  15432,
        "PM":  3231744,
        "SI":  0,
        "VM":  96079872,
        "WS":  16384
    },
    {
        "StartTime":  null,
        "Handles":  494,
        "Name":  "wslservice",
        "NPM":  23624,
        "PM":  7786496,
        "SI":  0,
        "VM":  2203481079808,
        "WS":  6676480
    },
    {
        "StartTime":  null,
        "Handles":  537,
        "Name":  "WUDFHost",
        "NPM":  31056,
        "PM":  11821056,
        "SI":  0,
        "VM":  2203445981184,
        "WS":  7057408
    },
    {
        "StartTime":  null,
        "Handles":  293,
        "Name":  "WUDFHost",
        "NPM":  17176,
        "PM":  6049792,
        "SI":  0,
        "VM":  2203419480064,
        "WS":  3694592
    },
    {
        "StartTime":  null,
        "Handles":  255,
        "Name":  "WUDFHost",
        "NPM":  12096,
        "PM":  5681152,
        "SI":  0,
        "VM":  2203446013952,
        "WS":  16384
    },
    {
        "StartTime":  "\/Date(1771855726156)\/",
        "Handles":  631,
        "Name":  "XboxGameBarSpotify",
        "NPM":  31032,
        "PM":  50188288,
        "SI":  1,
        "VM":  4802498560,
        "WS":  16384
    },
    {
        "StartTime":  "\/Date(1771855728019)\/",
        "Handles":  354,
        "Name":  "XboxPcAppFT",
        "NPM":  22448,
        "PM":  45719552,
        "SI":  1,
        "VM":  2203859361792,
        "WS":  2183168
    }
]
