{
    "Availability":  3,
    "CpuStatus":  1,
    "CurrentVoltage":  8,
    "DeviceID":  "CPU0",
    "ErrorCleared":  null,
    "ErrorDescription":  null,
    "LastErrorCode":  null,
    "LoadPercentage":  84,
    "Status":  "OK",
    "StatusInfo":  3,
    "AddressWidth":  64,
    "DataWidth":  64,
    "ExtClock":  100,
    "L2CacheSize":  6656,
    "L2CacheSpeed":  null,
    "MaxClockSpeed":  1300,
    "PowerManagementSupported":  false,
    "ProcessorType":  3,
    "Revision":  null,
    "SocketDesignation":  "U3E1",
    "Version":  "",
    "VoltageCaps":  null,
    "Caption":  "Intel64 Family 6 Model 154 Stepping 4",
    "Description":  "Intel64 Family 6 Model 154 Stepping 4",
    "InstallDate":  null,
    "Name":  "12th Gen Intel(R) Core(TM) i5-1235U",
    "ConfigManagerErrorCode":  null,
    "ConfigManagerUserConfig":  null,
    "CreationClassName":  "Win32_Processor",
    "PNPDeviceID":  null,
    "PowerManagementCapabilities":  null,
    "SystemCreationClassName":  "Win32_ComputerSystem",
    "SystemName":  "<HOST>",
    "CurrentClockSpeed":  1300,
    "Family":  205,
    "OtherFamilyDescription":  null,
    "Role":  "CPU",
    "Stepping":  null,
    "UniqueId":  null,
    "UpgradeMethod":  1,
    "Architecture":  9,
    "AssetTag":  " ",
    "Characteristics":  252,
    "L3CacheSize":  12288,
    "L3CacheSpeed":  0,
    "Level":  6,
    "Manufacturer":  "GenuineIntel",
    "NumberOfCores":  10,
    "NumberOfEnabledCore":  10,
    "NumberOfLogicalProcessors":  12,
    "PartNumber":  " ",
    "ProcessorId":  "BFEBFBFF000906A4",
    "SecondLevelAddressTranslationExtensions":  false,
    "SerialNumber":  " ",
    "ThreadCount":  12,
    "VirtualizationFirmwareEnabled":  false,
    "VMMonitorModeExtensions":  false,
    "PSComputerName":  null
}
