[
    {
        "Publish":  0,
        "Protocol":  2,
        "Store":  1,
        "AddressFamily":  2,
        "State":  0,
        "ifIndex":  40,
        "Caption":  null,
        "Description":  null,
        "ElementName":  null,
        "InstanceID":  "\u003c??8\u003c??8\u003c??8\u003c??9=\u003c55\u003e:55:8:8:8:55;",
        "AdminDistance":  null,
        "DestinationAddress":  null,
        "IsStatic":  null,
        "RouteMetric":  256,
        "TypeOfRoute":  3,
        "CompartmentId":  1,
        "DestinationPrefix":  "255.255.255.255/32",
        "InterfaceAlias":  "vEthernet (WSL (Hyper-V firewall))",
        "InterfaceIndex":  40,
        "InterfaceMetric":  5000,
        "NextHop":  "0.0.0.0",
        "PreferredLifetime":  {
                                  "Ticks":  9223372036854775807,
                                  "Days":  10675199,
                                  "Hours":  2,
                                  "Milliseconds":  477,
                                  "Minutes":  48,
                                  "Seconds":  5,
                                  "TotalDays":  10675199.116730064,
                                  "TotalHours":  256204778.80152154,
                                  "TotalMilliseconds":  922337203685477,
                                  "TotalMinutes":  15372286728.091293,
                                  "TotalSeconds":  922337203685.47754
                              },
        "ValidLifetime":  {
                              "Ticks":  9223372036854775807,
                              "Days":  10675199,
                              "Hours":  2,
                              "Milliseconds":  477,
                              "Minutes":  48,
                              "Seconds":  5,
                              "TotalDays":  10675199.116730064,
                              "TotalHours":  256204778.80152154,
                              "TotalMilliseconds":  922337203685477,
                              "TotalMinutes":  15372286728.091293,
                              "TotalSeconds":  922337203685.47754
                          },
        "PSComputerName":  null
    },
    {
        "Publish":  0,
        "Protocol":  2,
        "Store":  1,
        "AddressFamily":  2,
        "State":  0,
        "ifIndex":  6,
        "Caption":  null,
        "Description":  null,
        "ElementName":  null,
        "InstanceID":  "\u003c??8\u003c??8\u003c??8\u003c??9=\u003c55@55:8:8:8:55;",
        "AdminDistance":  null,
        "DestinationAddress":  null,
        "IsStatic":  null,
        "RouteMetric":  256,
        "TypeOfRoute":  3,
        "CompartmentId":  1,
        "DestinationPrefix":  "255.255.255.255/32",
        "InterfaceAlias":  "Local Area Connection* 2",
        "InterfaceIndex":  6,
        "InterfaceMetric":  25,
        "NextHop":  "0.0.0.0",
        "PreferredLifetime":  {
                                  "Ticks":  9223372036854775807,
                                  "Days":  10675199,
                                  "Hours":  2,
                                  "Milliseconds":  477,
                                  "Minutes":  48,
                                  "Seconds":  5,
                                  "TotalDays":  10675199.116730064,
                                  "TotalHours":  256204778.80152154,
                                  "TotalMilliseconds":  922337203685477,
                                  "TotalMinutes":  15372286728.091293,
                                  "TotalSeconds":  922337203685.47754
                              },
        "ValidLifetime":  {
                              "Ticks":  9223372036854775807,
                              "Days":  10675199,
                              "Hours":  2,
                              "Milliseconds":  477,
                              "Minutes":  48,
                              "Seconds":  5,
                              "TotalDays":  10675199.116730064,
                              "TotalHours":  256204778.80152154,
                              "TotalMilliseconds":  922337203685477,
                              "TotalMinutes":  15372286728.091293,
                              "TotalSeconds":  922337203685.47754
                          },
        "PSComputerName":  null
    },
    {
        "Publish":  0,
        "Protocol":  2,
        "Store":  1,
        "AddressFamily":  2,
        "State":  0,
        "ifIndex":  8,
        "Caption":  null,
        "Description":  null,
        "ElementName":  null,
        "InstanceID":  "\u003c??8\u003c??8\u003c??8\u003c??9=\u003c55B55:8:8:8:55;",
        "AdminDistance":  null,
        "DestinationAddress":  null,
        "IsStatic":  null,
        "RouteMetric":  256,
        "TypeOfRoute":  3,
        "CompartmentId":  1,
        "DestinationPrefix":  "255.255.255.255/32",
        "InterfaceAlias":  "Local Area Connection* 1",
        "InterfaceIndex":  8,
        "InterfaceMetric":  25,
        "NextHop":  "0.0.0.0",
        "PreferredLifetime":  {
                                  "Ticks":  9223372036854775807,
                                  "Days":  10675199,
                                  "Hours":  2,
                                  "Milliseconds":  477,
                                  "Minutes":  48,
                                  "Seconds":  5,
                                  "TotalDays":  10675199.116730064,
                                  "TotalHours":  256204778.80152154,
                                  "TotalMilliseconds":  922337203685477,
                                  "TotalMinutes":  15372286728.091293,
                                  "TotalSeconds":  922337203685.47754
                              },
        "ValidLifetime":  {
                              "Ticks":  9223372036854775807,
                              "Days":  10675199,
                              "Hours":  2,
                              "Milliseconds":  477,
                              "Minutes":  48,
                              "Seconds":  5,
                              "TotalDays":  10675199.116730064,
                              "TotalHours":  256204778.80152154,
                              "TotalMilliseconds":  922337203685477,
                              "TotalMinutes":  15372286728.091293,
                              "TotalSeconds":  922337203685.47754
                          },
        "PSComputerName":  null
    },
    {
        "Publish":  0,
        "Protocol":  2,
        "Store":  1,
        "AddressFamily":  2,
        "State":  0,
        "ifIndex":  14,
        "Caption":  null,
        "Description":  null,
        "ElementName":  null,
        "InstanceID":  "\u003c??8\u003c??8\u003c??8\u003c??9=\u003c55;\u003e55:8:8:8:55;",
        "AdminDistance":  null,
        "DestinationAddress":  null,
        "IsStatic":  null,
        "RouteMetric":  256,
        "TypeOfRoute":  3,
        "CompartmentId":  1,
        "DestinationPrefix":  "255.255.255.255/32",
        "InterfaceAlias":  "Wi-Fi",
        "InterfaceIndex":  14,
        "InterfaceMetric":  35,
        "NextHop":  "0.0.0.0",
        "PreferredLifetime":  {
                                  "Ticks":  9223372036854775807,
                                  "Days":  10675199,
                                  "Hours":  2,
                                  "Milliseconds":  477,
                                  "Minutes":  48,
                                  "Seconds":  5,
                                  "TotalDays":  10675199.116730064,
                                  "TotalHours":  256204778.80152154,
                                  "TotalMilliseconds":  922337203685477,
                                  "TotalMinutes":  15372286728.091293,
                                  "TotalSeconds":  922337203685.47754
                              },
        "ValidLifetime":  {
                              "Ticks":  9223372036854775807,
                              "Days":  10675199,
                              "Hours":  2,
                              "Milliseconds":  477,
                              "Minutes":  48,
                              "Seconds":  5,
                              "TotalDays":  10675199.116730064,
                              "TotalHours":  256204778.80152154,
                              "TotalMilliseconds":  922337203685477,
                              "TotalMinutes":  15372286728.091293,
                              "TotalSeconds":  922337203685.47754
                          },
        "PSComputerName":  null
    },
    {
        "Publish":  0,
        "Protocol":  2,
        "Store":  1,
        "AddressFamily":  2,
        "State":  0,
        "ifIndex":  1,
        "Caption":  null,
        "Description":  null,
        "ElementName":  null,
        "InstanceID":  "\u003c??8\u003c??8\u003c??8\u003c??9=\u003c55;55:8:8:8:55;",
        "AdminDistance":  null,
        "DestinationAddress":  null,
        "IsStatic":  null,
        "RouteMetric":  256,
        "TypeOfRoute":  3,
        "CompartmentId":  1,
        "DestinationPrefix":  "255.255.255.255/32",
        "InterfaceAlias":  "Loopback Pseudo-Interface 1",
        "InterfaceIndex":  1,
        "InterfaceMetric":  75,
        "NextHop":  "0.0.0.0",
        "PreferredLifetime":  {
                                  "Ticks":  9223372036854775807,
                                  "Days":  10675199,
                                  "Hours":  2,
                                  "Milliseconds":  477,
                                  "Minutes":  48,
                                  "Seconds":  5,
                                  "TotalDays":  10675199.116730064,
                                  "TotalHours":  256204778.80152154,
                                  "TotalMilliseconds":  922337203685477,
                                  "TotalMinutes":  15372286728.091293,
                                  "TotalSeconds":  922337203685.47754
                              },
        "ValidLifetime":  {
                              "Ticks":  9223372036854775807,
                              "Days":  10675199,
                              "Hours":  2,
                              "Milliseconds":  477,
                              "Minutes":  48,
                              "Seconds":  5,
                              "TotalDays":  10675199.116730064,
                              "TotalHours":  256204778.80152154,
                              "TotalMilliseconds":  922337203685477,
                              "TotalMinutes":  15372286728.091293,
                              "TotalSeconds":  922337203685.47754
                          },
        "PSComputerName":  null
    },
    {
        "Publish":  0,
        "Protocol":  2,
        "Store":  1,
        "AddressFamily":  2,
        "State":  0,
        "ifIndex":  40,
        "Caption":  null,
        "Description":  null,
        "ElementName":  null,
        "InstanceID":  "\u003c\u003c\u003e8:8:8:9\u003e55\u003e:55:8:8:8:55;",
        "AdminDistance":  null,
        "DestinationAddress":  null,
        "IsStatic":  null,
        "RouteMetric":  256,
        "TypeOfRoute":  3,
        "CompartmentId":  1,
        "DestinationPrefix":  "224.0.0.0/4",
        "InterfaceAlias":  "vEthernet (WSL (Hyper-V firewall))",
        "InterfaceIndex":  40,
        "InterfaceMetric":  5000,
        "NextHop":  "0.0.0.0",
        "PreferredLifetime":  {
                                  "Ticks":  9223372036854775807,
                                  "Days":  10675199,
                                  "Hours":  2,
                                  "Milliseconds":  477,
                                  "Minutes":  48,
                                  "Seconds":  5,
                                  "TotalDays":  10675199.116730064,
                                  "TotalHours":  256204778.80152154,
                                  "TotalMilliseconds":  922337203685477,
                                  "TotalMinutes":  15372286728.091293,
                                  "TotalSeconds":  922337203685.47754
                              },
        "ValidLifetime":  {
                              "Ticks":  9223372036854775807,
                              "Days":  10675199,
                              "Hours":  2,
                              "Milliseconds":  477,
                              "Minutes":  48,
                              "Seconds":  5,
                              "TotalDays":  10675199.116730064,
                              "TotalHours":  256204778.80152154,
                              "TotalMilliseconds":  922337203685477,
                              "TotalMinutes":  15372286728.091293,
                              "TotalSeconds":  922337203685.47754
                          },
        "PSComputerName":  null
    },
    {
        "Publish":  0,
        "Protocol":  2,
        "Store":  1,
        "AddressFamily":  2,
        "State":  0,
        "ifIndex":  6,
        "Caption":  null,
        "Description":  null,
        "ElementName":  null,
        "InstanceID":  "\u003c\u003c\u003e8:8:8:9\u003e55@55:8:8:8:55;",
        "AdminDistance":  null,
        "DestinationAddress":  null,
        "IsStatic":  null,
        "RouteMetric":  256,
        "TypeOfRoute":  3,
        "CompartmentId":  1,
        "DestinationPrefix":  "224.0.0.0/4",
        "InterfaceAlias":  "Local Area Connection* 2",
        "InterfaceIndex":  6,
        "InterfaceMetric":  25,
        "NextHop":  "0.0.0.0",
        "PreferredLifetime":  {
                                  "Ticks":  9223372036854775807,
                                  "Days":  10675199,
                                  "Hours":  2,
                                  "Milliseconds":  477,
                                  "Minutes":  48,
                                  "Seconds":  5,
                                  "TotalDays":  10675199.116730064,
                                  "TotalHours":  256204778.80152154,
                                  "TotalMilliseconds":  922337203685477,
                                  "TotalMinutes":  15372286728.091293,
                                  "TotalSeconds":  922337203685.47754
                              },
        "ValidLifetime":  {
                              "Ticks":  9223372036854775807,
                              "Days":  10675199,
                              "Hours":  2,
                              "Milliseconds":  477,
                              "Minutes":  48,
                              "Seconds":  5,
                              "TotalDays":  10675199.116730064,
                              "TotalHours":  256204778.80152154,
                              "TotalMilliseconds":  922337203685477,
                              "TotalMinutes":  15372286728.091293,
                              "TotalSeconds":  922337203685.47754
                          },
        "PSComputerName":  null
    },
    {
        "Publish":  0,
        "Protocol":  2,
        "Store":  1,
        "AddressFamily":  2,
        "State":  0,
        "ifIndex":  8,
        "Caption":  null,
        "Description":  null,
        "ElementName":  null,
        "InstanceID":  "\u003c\u003c\u003e8:8:8:9\u003e55B55:8:8:8:55;",
        "AdminDistance":  null,
        "DestinationAddress":  null,
        "IsStatic":  null,
        "RouteMetric":  256,
        "TypeOfRoute":  3,
        "CompartmentId":  1,
        "DestinationPrefix":  "224.0.0.0/4",
        "InterfaceAlias":  "Local Area Connection* 1",
        "InterfaceIndex":  8,
        "InterfaceMetric":  25,
        "NextHop":  "0.0.0.0",
        "PreferredLifetime":  {
                                  "Ticks":  9223372036854775807,
                                  "Days":  10675199,
                                  "Hours":  2,
                                  "Milliseconds":  477,
                                  "Minutes":  48,
                                  "Seconds":  5,
                                  "TotalDays":  10675199.116730064,
                                  "TotalHours":  256204778.80152154,
                                  "TotalMilliseconds":  922337203685477,
                                  "TotalMinutes":  15372286728.091293,
                                  "TotalSeconds":  922337203685.47754
                              },
        "ValidLifetime":  {
                              "Ticks":  9223372036854775807,
                              "Days":  10675199,
                              "Hours":  2,
                              "Milliseconds":  477,
                              "Minutes":  48,
                              "Seconds":  5,
                              "TotalDays":  10675199.116730064,
                              "TotalHours":  256204778.80152154,
                              "TotalMilliseconds":  922337203685477,
                              "TotalMinutes":  15372286728.091293,
                              "TotalSeconds":  922337203685.47754
                          },
        "PSComputerName":  null
    },
    {
        "Publish":  0,
        "Protocol":  2,
        "Store":  1,
        "AddressFamily":  2,
        "State":  0,
        "ifIndex":  14,
        "Caption":  null,
        "Description":  null,
        "ElementName":  null,
        "InstanceID":  "\u003c\u003c\u003e8:8:8:9\u003e55;\u003e55:8:8:8:55;",
        "AdminDistance":  null,
        "DestinationAddress":  null,
        "IsStatic":  null,
        "RouteMetric":  256,
        "TypeOfRoute":  3,
        "CompartmentId":  1,
        "DestinationPrefix":  "224.0.0.0/4",
        "InterfaceAlias":  "Wi-Fi",
        "InterfaceIndex":  14,
        "InterfaceMetric":  35,
        "NextHop":  "0.0.0.0",
        "PreferredLifetime":  {
                                  "Ticks":  9223372036854775807,
                                  "Days":  10675199,
                                  "Hours":  2,
                                  "Milliseconds":  477,
                                  "Minutes":  48,
                                  "Seconds":  5,
                                  "TotalDays":  10675199.116730064,
                                  "TotalHours":  256204778.80152154,
                                  "TotalMilliseconds":  922337203685477,
                                  "TotalMinutes":  15372286728.091293,
                                  "TotalSeconds":  922337203685.47754
                              },
        "ValidLifetime":  {
                              "Ticks":  9223372036854775807,
                              "Days":  10675199,
                              "Hours":  2,
                              "Milliseconds":  477,
                              "Minutes":  48,
                              "Seconds":  5,
                              "TotalDays":  10675199.116730064,
                              "TotalHours":  256204778.80152154,
                              "TotalMilliseconds":  922337203685477,
                              "TotalMinutes":  15372286728.091293,
                              "TotalSeconds":  922337203685.47754
                          },
        "PSComputerName":  null
    },
    {
        "Publish":  0,
        "Protocol":  2,
        "Store":  1,
        "AddressFamily":  2,
        "State":  0,
        "ifIndex":  1,
        "Caption":  null,
        "Description":  null,
        "ElementName":  null,
        "InstanceID":  "\u003c\u003c\u003e8:8:8:9\u003e55;55:8:8:8:55;",
        "AdminDistance":  null,
        "DestinationAddress":  null,
        "IsStatic":  null,
        "RouteMetric":  256,
        "TypeOfRoute":  3,
        "CompartmentId":  1,
        "DestinationPrefix":  "224.0.0.0/4",
        "InterfaceAlias":  "Loopback Pseudo-Interface 1",
        "InterfaceIndex":  1,
        "InterfaceMetric":  75,
        "NextHop":  "0.0.0.0",
        "PreferredLifetime":  {
                                  "Ticks":  9223372036854775807,
                                  "Days":  10675199,
                                  "Hours":  2,
                                  "Milliseconds":  477,
                                  "Minutes":  48,
                                  "Seconds":  5,
                                  "TotalDays":  10675199.116730064,
                                  "TotalHours":  256204778.80152154,
                                  "TotalMilliseconds":  922337203685477,
                                  "TotalMinutes":  15372286728.091293,
                                  "TotalSeconds":  922337203685.47754
                              },
        "ValidLifetime":  {
                              "Ticks":  9223372036854775807,
                              "Days":  10675199,
                              "Hours":  2,
                              "Milliseconds":  477,
                              "Minutes":  48,
                              "Seconds":  5,
                              "TotalDays":  10675199.116730064,
                              "TotalHours":  256204778.80152154,
                              "TotalMilliseconds":  922337203685477,
                              "TotalMinutes":  15372286728.091293,
                              "TotalSeconds":  922337203685.47754
                          },
        "PSComputerName":  null
    },
    {
        "Publish":  0,
        "Protocol":  2,
        "Store":  1,
        "AddressFamily":  2,
        "State":  0,
        "ifIndex":  14,
        "Caption":  null,
        "Description":  null,
        "ElementName":  null,
        "InstanceID":  ";C\u003c8;@B8\u003cC8\u003c??9=\u003c55;\u003e55:8:8:8:55;",
        "AdminDistance":  null,
        "DestinationAddress":  null,
        "IsStatic":  null,
        "RouteMetric":  256,
        "TypeOfRoute":  3,
        "CompartmentId":  1,
        "DestinationPrefix":  "192.168.29.255/32",
        "InterfaceAlias":  "Wi-Fi",
        "InterfaceIndex":  14,
        "InterfaceMetric":  35,
        "NextHop":  "0.0.0.0",
        "PreferredLifetime":  {
                                  "Ticks":  9223372036854775807,
                                  "Days":  10675199,
                                  "Hours":  2,
                                  "Milliseconds":  477,
                                  "Minutes":  48,
                                  "Seconds":  5,
                                  "TotalDays":  10675199.116730064,
                                  "TotalHours":  256204778.80152154,
                                  "TotalMilliseconds":  922337203685477,
                                  "TotalMinutes":  15372286728.091293,
                                  "TotalSeconds":  922337203685.47754
                              },
        "ValidLifetime":  {
                              "Ticks":  9223372036854775807,
                              "Days":  10675199,
                              "Hours":  2,
                              "Milliseconds":  477,
                              "Minutes":  48,
                              "Seconds":  5,
                              "TotalDays":  10675199.116730064,
                              "TotalHours":  256204778.80152154,
                              "TotalMilliseconds":  922337203685477,
                              "TotalMinutes":  15372286728.091293,
                              "TotalSeconds":  922337203685.47754
                          },
        "PSComputerName":  null
    },
    {
        "Publish":  0,
        "Protocol":  2,
        "Store":  1,
        "AddressFamily":  2,
        "State":  0,
        "ifIndex":  14,
        "Caption":  null,
        "Description":  null,
        "ElementName":  null,
        "InstanceID":  ";C\u003c8;@B8\u003cC8;?:9=\u003c55;\u003e55:8:8:8:55;",
        "AdminDistance":  null,
        "DestinationAddress":  null,
        "IsStatic":  null,
        "RouteMetric":  256,
        "TypeOfRoute":  3,
        "CompartmentId":  1,
        "DestinationPrefix":  "192.168.29.150/32",
        "InterfaceAlias":  "Wi-Fi",
        "InterfaceIndex":  14,
        "InterfaceMetric":  35,
        "NextHop":  "0.0.0.0",
        "PreferredLifetime":  {
                                  "Ticks":  9223372036854775807,
                                  "Days":  10675199,
                                  "Hours":  2,
                                  "Milliseconds":  477,
                                  "Minutes":  48,
                                  "Seconds":  5,
                                  "TotalDays":  10675199.116730064,
                                  "TotalHours":  256204778.80152154,
                                  "TotalMilliseconds":  922337203685477,
                                  "TotalMinutes":  15372286728.091293,
                                  "TotalSeconds":  922337203685.47754
                              },
        "ValidLifetime":  {
                              "Ticks":  9223372036854775807,
                              "Days":  10675199,
                              "Hours":  2,
                              "Milliseconds":  477,
                              "Minutes":  48,
                              "Seconds":  5,
                              "TotalDays":  10675199.116730064,
                              "TotalHours":  256204778.80152154,
                              "TotalMilliseconds":  922337203685477,
                              "TotalMinutes":  15372286728.091293,
                              "TotalSeconds":  922337203685.47754
                          },
        "PSComputerName":  null
    },
    {
        "Publish":  0,
        "Protocol":  2,
        "Store":  1,
        "AddressFamily":  2,
        "State":  0,
        "ifIndex":  14,
        "Caption":  null,
        "Description":  null,
        "ElementName":  null,
        "InstanceID":  ";C\u003c8;@B8\u003cC8:9\u003c\u003e55;\u003e55:8:8:8:55;",
        "AdminDistance":  null,
        "DestinationAddress":  null,
        "IsStatic":  null,
        "RouteMetric":  256,
        "TypeOfRoute":  3,
        "CompartmentId":  1,
        "DestinationPrefix":  "192.168.29.0/24",
        "InterfaceAlias":  "Wi-Fi",
        "InterfaceIndex":  14,
        "InterfaceMetric":  35,
        "NextHop":  "0.0.0.0",
        "PreferredLifetime":  {
                                  "Ticks":  9223372036854775807,
                                  "Days":  10675199,
                                  "Hours":  2,
                                  "Milliseconds":  477,
                                  "Minutes":  48,
                                  "Seconds":  5,
                                  "TotalDays":  10675199.116730064,
                                  "TotalHours":  256204778.80152154,
                                  "TotalMilliseconds":  922337203685477,
                                  "TotalMinutes":  15372286728.091293,
                                  "TotalSeconds":  922337203685.47754
                              },
        "ValidLifetime":  {
                              "Ticks":  9223372036854775807,
                              "Days":  10675199,
                              "Hours":  2,
                              "Milliseconds":  477,
                              "Minutes":  48,
                              "Seconds":  5,
                              "TotalDays":  10675199.116730064,
                              "TotalHours":  256204778.80152154,
                              "TotalMilliseconds":  922337203685477,
                              "TotalMinutes":  15372286728.091293,
                              "TotalSeconds":  922337203685.47754
                          },
        "PSComputerName":  null
    },
    {
        "Publish":  0,
        "Protocol":  2,
        "Store":  1,
        "AddressFamily":  2,
        "State":  0,
        "ifIndex":  40,
        "Caption":  null,
        "Description":  null,
        "ElementName":  null,
        "InstanceID":  ";A\u003c8\u003c:8\u003c\u003c=8\u003c??9=\u003c55\u003e:55:8:8:8:55;",
        "AdminDistance":  null,
        "DestinationAddress":  null,
        "IsStatic":  null,
        "RouteMetric":  256,
        "TypeOfRoute":  3,
        "CompartmentId":  1,
        "DestinationPrefix":  "172.20.223.255/32",
        "InterfaceAlias":  "vEthernet (WSL (Hyper-V firewall))",
        "InterfaceIndex":  40,
        "InterfaceMetric":  5000,
        "NextHop":  "0.0.0.0",
        "PreferredLifetime":  {
                                  "Ticks":  9223372036854775807,
                                  "Days":  10675199,
                                  "Hours":  2,
                                  "Milliseconds":  477,
                                  "Minutes":  48,
                                  "Seconds":  5,
                                  "TotalDays":  10675199.116730064,
                                  "TotalHours":  256204778.80152154,
                                  "TotalMilliseconds":  922337203685477,
                                  "TotalMinutes":  15372286728.091293,
                                  "TotalSeconds":  922337203685.47754
                              },
        "ValidLifetime":  {
                              "Ticks":  9223372036854775807,
                              "Days":  10675199,
                              "Hours":  2,
                              "Milliseconds":  477,
                              "Minutes":  48,
                              "Seconds":  5,
                              "TotalDays":  10675199.116730064,
                              "TotalHours":  256204778.80152154,
                              "TotalMilliseconds":  922337203685477,
                              "TotalMinutes":  15372286728.091293,
                              "TotalSeconds":  922337203685.47754
                          },
        "PSComputerName":  null
    },
    {
        "Publish":  0,
        "Protocol":  2,
        "Store":  1,
        "AddressFamily":  2,
        "State":  0,
        "ifIndex":  40,
        "Caption":  null,
        "Description":  null,
        "ElementName":  null,
        "InstanceID":  ";A\u003c8\u003c:8\u003c:B8;9=\u003c55\u003e:55:8:8:8:55;",
        "AdminDistance":  null,
        "DestinationAddress":  null,
        "IsStatic":  null,
        "RouteMetric":  256,
        "TypeOfRoute":  3,
        "CompartmentId":  1,
        "DestinationPrefix":  "172.20.208.1/32",
        "InterfaceAlias":  "vEthernet (WSL (Hyper-V firewall))",
        "InterfaceIndex":  40,
        "InterfaceMetric":  5000,
        "NextHop":  "0.0.0.0",
        "PreferredLifetime":  {
                                  "Ticks":  9223372036854775807,
                                  "Days":  10675199,
                                  "Hours":  2,
                                  "Milliseconds":  477,
                                  "Minutes":  48,
                                  "Seconds":  5,
                                  "TotalDays":  10675199.116730064,
                                  "TotalHours":  256204778.80152154,
                                  "TotalMilliseconds":  922337203685477,
                                  "TotalMinutes":  15372286728.091293,
                                  "TotalSeconds":  922337203685.47754
                              },
        "ValidLifetime":  {
                              "Ticks":  9223372036854775807,
                              "Days":  10675199,
                              "Hours":  2,
                              "Milliseconds":  477,
                              "Minutes":  48,
                              "Seconds":  5,
                              "TotalDays":  10675199.116730064,
                              "TotalHours":  256204778.80152154,
                              "TotalMilliseconds":  922337203685477,
                              "TotalMinutes":  15372286728.091293,
                              "TotalSeconds":  922337203685.47754
                          },
        "PSComputerName":  null
    },
    {
        "Publish":  0,
        "Protocol":  2,
        "Store":  1,
        "AddressFamily":  2,
        "State":  0,
        "ifIndex":  40,
        "Caption":  null,
        "Description":  null,
        "ElementName":  null,
        "InstanceID":  ";A\u003c8\u003c:8\u003c:B8:9\u003c:55\u003e:55:8:8:8:55;",
        "AdminDistance":  null,
        "DestinationAddress":  null,
        "IsStatic":  null,
        "RouteMetric":  256,
        "TypeOfRoute":  3,
        "CompartmentId":  1,
        "DestinationPrefix":  "172.20.208.0/20",
        "InterfaceAlias":  "vEthernet (WSL (Hyper-V firewall))",
        "InterfaceIndex":  40,
        "InterfaceMetric":  5000,
        "NextHop":  "0.0.0.0",
        "PreferredLifetime":  {
                                  "Ticks":  9223372036854775807,
                                  "Days":  10675199,
                                  "Hours":  2,
                                  "Milliseconds":  477,
                                  "Minutes":  48,
                                  "Seconds":  5,
                                  "TotalDays":  10675199.116730064,
                                  "TotalHours":  256204778.80152154,
                                  "TotalMilliseconds":  922337203685477,
                                  "TotalMinutes":  15372286728.091293,
                                  "TotalSeconds":  922337203685.47754
                              },
        "ValidLifetime":  {
                              "Ticks":  9223372036854775807,
                              "Days":  10675199,
                              "Hours":  2,
                              "Milliseconds":  477,
                              "Minutes":  48,
                              "Seconds":  5,
                              "TotalDays":  10675199.116730064,
                              "TotalHours":  256204778.80152154,
                              "TotalMilliseconds":  922337203685477,
                              "TotalMinutes":  15372286728.091293,
                              "TotalSeconds":  922337203685.47754
                          },
        "PSComputerName":  null
    },
    {
        "Publish":  0,
        "Protocol":  2,
        "Store":  1,
        "AddressFamily":  2,
        "State":  0,
        "ifIndex":  1,
        "Caption":  null,
        "Description":  null,
        "ElementName":  null,
        "InstanceID":  ";\u003cA8\u003c??8\u003c??8\u003c??9=\u003c55;55:8:8:8:55;",
        "AdminDistance":  null,
        "DestinationAddress":  null,
        "IsStatic":  null,
        "RouteMetric":  256,
        "TypeOfRoute":  3,
        "CompartmentId":  1,
        "DestinationPrefix":  "127.255.255.255/32",
        "InterfaceAlias":  "Loopback Pseudo-Interface 1",
        "InterfaceIndex":  1,
        "InterfaceMetric":  75,
        "NextHop":  "0.0.0.0",
        "PreferredLifetime":  {
                                  "Ticks":  9223372036854775807,
                                  "Days":  10675199,
                                  "Hours":  2,
                                  "Milliseconds":  477,
                                  "Minutes":  48,
                                  "Seconds":  5,
                                  "TotalDays":  10675199.116730064,
                                  "TotalHours":  256204778.80152154,
                                  "TotalMilliseconds":  922337203685477,
                                  "TotalMinutes":  15372286728.091293,
                                  "TotalSeconds":  922337203685.47754
                              },
        "ValidLifetime":  {
                              "Ticks":  9223372036854775807,
                              "Days":  10675199,
                              "Hours":  2,
                              "Milliseconds":  477,
                              "Minutes":  48,
                              "Seconds":  5,
                              "TotalDays":  10675199.116730064,
                              "TotalHours":  256204778.80152154,
                              "TotalMilliseconds":  922337203685477,
                              "TotalMinutes":  15372286728.091293,
                              "TotalSeconds":  922337203685.47754
                          },
        "PSComputerName":  null
    },
    {
        "Publish":  0,
        "Protocol":  2,
        "Store":  1,
        "AddressFamily":  2,
        "State":  0,
        "ifIndex":  1,
        "Caption":  null,
        "Description":  null,
        "ElementName":  null,
        "InstanceID":  ";\u003cA8:8:8;9=\u003c55;55:8:8:8:55;",
        "AdminDistance":  null,
        "DestinationAddress":  null,
        "IsStatic":  null,
        "RouteMetric":  256,
        "TypeOfRoute":  3,
        "CompartmentId":  1,
        "DestinationPrefix":  "127.0.0.1/32",
        "InterfaceAlias":  "Loopback Pseudo-Interface 1",
        "InterfaceIndex":  1,
        "InterfaceMetric":  75,
        "NextHop":  "0.0.0.0",
        "PreferredLifetime":  {
                                  "Ticks":  9223372036854775807,
                                  "Days":  10675199,
                                  "Hours":  2,
                                  "Milliseconds":  477,
                                  "Minutes":  48,
                                  "Seconds":  5,
                                  "TotalDays":  10675199.116730064,
                                  "TotalHours":  256204778.80152154,
                                  "TotalMilliseconds":  922337203685477,
                                  "TotalMinutes":  15372286728.091293,
                                  "TotalSeconds":  922337203685.47754
                              },
        "ValidLifetime":  {
                              "Ticks":  9223372036854775807,
                              "Days":  10675199,
                              "Hours":  2,
                              "Milliseconds":  477,
                              "Minutes":  48,
                              "Seconds":  5,
                              "TotalDays":  10675199.116730064,
                              "TotalHours":  256204778.80152154,
                              "TotalMilliseconds":  922337203685477,
                              "TotalMinutes":  15372286728.091293,
                              "TotalSeconds":  922337203685.47754
                          },
        "PSComputerName":  null
    },
    {
        "Publish":  0,
        "Protocol":  2,
        "Store":  1,
        "AddressFamily":  2,
        "State":  0,
        "ifIndex":  1,
        "Caption":  null,
        "Description":  null,
        "ElementName":  null,
        "InstanceID":  ";\u003cA8:8:8:9B55;55:8:8:8:55;",
        "AdminDistance":  null,
        "DestinationAddress":  null,
        "IsStatic":  null,
        "RouteMetric":  256,
        "TypeOfRoute":  3,
        "CompartmentId":  1,
        "DestinationPrefix":  "127.0.0.0/8",
        "InterfaceAlias":  "Loopback Pseudo-Interface 1",
        "InterfaceIndex":  1,
        "InterfaceMetric":  75,
        "NextHop":  "0.0.0.0",
        "PreferredLifetime":  {
                                  "Ticks":  9223372036854775807,
                                  "Days":  10675199,
                                  "Hours":  2,
                                  "Milliseconds":  477,
                                  "Minutes":  48,
                                  "Seconds":  5,
                                  "TotalDays":  10675199.116730064,
                                  "TotalHours":  256204778.80152154,
                                  "TotalMilliseconds":  922337203685477,
                                  "TotalMinutes":  15372286728.091293,
                                  "TotalSeconds":  922337203685.47754
                              },
        "ValidLifetime":  {
                              "Ticks":  9223372036854775807,
                              "Days":  10675199,
                              "Hours":  2,
                              "Milliseconds":  477,
                              "Minutes":  48,
                              "Seconds":  5,
                              "TotalDays":  10675199.116730064,
                              "TotalHours":  256204778.80152154,
                              "TotalMilliseconds":  922337203685477,
                              "TotalMinutes":  15372286728.091293,
                              "TotalSeconds":  922337203685.47754
                          },
        "PSComputerName":  null
    },
    {
        "Publish":  0,
        "Protocol":  3,
        "Store":  1,
        "AddressFamily":  2,
        "State":  0,
        "ifIndex":  14,
        "Caption":  null,
        "Description":  null,
        "ElementName":  null,
        "InstanceID":  ":8:8:8:9:55;\u003e55;C\u003c8;@B8\u003cC8;55;",
        "AdminDistance":  null,
        "DestinationAddress":  null,
        "IsStatic":  null,
        "RouteMetric":  0,
        "TypeOfRoute":  3,
        "CompartmentId":  1,
        "DestinationPrefix":  "0.0.0.0/0",
        "InterfaceAlias":  "Wi-Fi",
        "InterfaceIndex":  14,
        "InterfaceMetric":  35,
        "NextHop":  "192.168.29.1",
        "PreferredLifetime":  {
                                  "Ticks":  432000000000,
                                  "Days":  0,
                                  "Hours":  12,
                                  "Milliseconds":  0,
                                  "Minutes":  0,
                                  "Seconds":  0,
                                  "TotalDays":  0.5,
                                  "TotalHours":  12,
                                  "TotalMilliseconds":  43200000,
                                  "TotalMinutes":  720,
                                  "TotalSeconds":  43200
                              },
        "ValidLifetime":  {
                              "Ticks":  432000000000,
                              "Days":  0,
                              "Hours":  12,
                              "Milliseconds":  0,
                              "Minutes":  0,
                              "Seconds":  0,
                              "TotalDays":  0.5,
                              "TotalHours":  12,
                              "TotalMilliseconds":  43200000,
                              "TotalMinutes":  720,
                              "TotalSeconds":  43200
                          },
        "PSComputerName":  null
    },
    {
        "Publish":  0,
        "Protocol":  2,
        "Store":  1,
        "AddressFamily":  23,
        "State":  0,
        "ifIndex":  40,
        "Caption":  null,
        "Description":  null,
        "ElementName":  null,
        "InstanceID":  "pp::DD9B55\u003e:55DD55;",
        "AdminDistance":  null,
        "DestinationAddress":  null,
        "IsStatic":  null,
        "RouteMetric":  256,
        "TypeOfRoute":  3,
        "CompartmentId":  1,
        "DestinationPrefix":  "ff00::/8",
        "InterfaceAlias":  "vEthernet (WSL (Hyper-V firewall))",
        "InterfaceIndex":  40,
        "InterfaceMetric":  5000,
        "NextHop":  "::",
        "PreferredLifetime":  {
                                  "Ticks":  9223372036854775807,
                                  "Days":  10675199,
                                  "Hours":  2,
                                  "Milliseconds":  477,
                                  "Minutes":  48,
                                  "Seconds":  5,
                                  "TotalDays":  10675199.116730064,
                                  "TotalHours":  256204778.80152154,
                                  "TotalMilliseconds":  922337203685477,
                                  "TotalMinutes":  15372286728.091293,
                                  "TotalSeconds":  922337203685.47754
                              },
        "ValidLifetime":  {
                              "Ticks":  9223372036854775807,
                              "Days":  10675199,
                              "Hours":  2,
                              "Milliseconds":  477,
                              "Minutes":  48,
                              "Seconds":  5,
                              "TotalDays":  10675199.116730064,
                              "TotalHours":  256204778.80152154,
                              "TotalMilliseconds":  922337203685477,
                              "TotalMinutes":  15372286728.091293,
                              "TotalSeconds":  922337203685.47754
                          },
        "PSComputerName":  null
    },
    {
        "Publish":  0,
        "Protocol":  2,
        "Store":  1,
        "AddressFamily":  23,
        "State":  0,
        "ifIndex":  6,
        "Caption":  null,
        "Description":  null,
        "ElementName":  null,
        "InstanceID":  "pp::DD9B55@55DD55;",
        "AdminDistance":  null,
        "DestinationAddress":  null,
        "IsStatic":  null,
        "RouteMetric":  256,
        "TypeOfRoute":  3,
        "CompartmentId":  1,
        "DestinationPrefix":  "ff00::/8",
        "InterfaceAlias":  "Local Area Connection* 2",
        "InterfaceIndex":  6,
        "InterfaceMetric":  25,
        "NextHop":  "::",
        "PreferredLifetime":  {
                                  "Ticks":  9223372036854775807,
                                  "Days":  10675199,
                                  "Hours":  2,
                                  "Milliseconds":  477,
                                  "Minutes":  48,
                                  "Seconds":  5,
                                  "TotalDays":  10675199.116730064,
                                  "TotalHours":  256204778.80152154,
                                  "TotalMilliseconds":  922337203685477,
                                  "TotalMinutes":  15372286728.091293,
                                  "TotalSeconds":  922337203685.47754
                              },
        "ValidLifetime":  {
                              "Ticks":  9223372036854775807,
                              "Days":  10675199,
                              "Hours":  2,
                              "Milliseconds":  477,
                              "Minutes":  48,
                              "Seconds":  5,
                              "TotalDays":  10675199.116730064,
                              "TotalHours":  256204778.80152154,
                              "TotalMilliseconds":  922337203685477,
                              "TotalMinutes":  15372286728.091293,
                              "TotalSeconds":  922337203685.47754
                          },
        "PSComputerName":  null
    },
    {
        "Publish":  0,
        "Protocol":  2,
        "Store":  1,
        "AddressFamily":  23,
        "State":  0,
        "ifIndex":  8,
        "Caption":  null,
        "Description":  null,
        "ElementName":  null,
        "InstanceID":  "pp::DD9B55B55DD55;",
        "AdminDistance":  null,
        "DestinationAddress":  null,
        "IsStatic":  null,
        "RouteMetric":  256,
        "TypeOfRoute":  3,
        "CompartmentId":  1,
        "DestinationPrefix":  "ff00::/8",
        "InterfaceAlias":  "Local Area Connection* 1",
        "InterfaceIndex":  8,
        "InterfaceMetric":  25,
        "NextHop":  "::",
        "PreferredLifetime":  {
                                  "Ticks":  9223372036854775807,
                                  "Days":  10675199,
                                  "Hours":  2,
                                  "Milliseconds":  477,
                                  "Minutes":  48,
                                  "Seconds":  5,
                                  "TotalDays":  10675199.116730064,
                                  "TotalHours":  256204778.80152154,
                                  "TotalMilliseconds":  922337203685477,
                                  "TotalMinutes":  15372286728.091293,
                                  "TotalSeconds":  922337203685.47754
                              },
        "ValidLifetime":  {
                              "Ticks":  9223372036854775807,
                              "Days":  10675199,
                              "Hours":  2,
                              "Milliseconds":  477,
                              "Minutes":  48,
                              "Seconds":  5,
                              "TotalDays":  10675199.116730064,
                              "TotalHours":  256204778.80152154,
                              "TotalMilliseconds":  922337203685477,
                              "TotalMinutes":  15372286728.091293,
                              "TotalSeconds":  922337203685.47754
                          },
        "PSComputerName":  null
    },
    {
        "Publish":  0,
        "Protocol":  2,
        "Store":  1,
        "AddressFamily":  23,
        "State":  0,
        "ifIndex":  14,
        "Caption":  null,
        "Description":  null,
        "ElementName":  null,
        "InstanceID":  "pp::DD9B55;\u003e55DD55;",
        "AdminDistance":  null,
        "DestinationAddress":  null,
        "IsStatic":  null,
        "RouteMetric":  256,
        "TypeOfRoute":  3,
        "CompartmentId":  1,
        "DestinationPrefix":  "ff00::/8",
        "InterfaceAlias":  "Wi-Fi",
        "InterfaceIndex":  14,
        "InterfaceMetric":  35,
        "NextHop":  "::",
        "PreferredLifetime":  {
                                  "Ticks":  9223372036854775807,
                                  "Days":  10675199,
                                  "Hours":  2,
                                  "Milliseconds":  477,
                                  "Minutes":  48,
                                  "Seconds":  5,
                                  "TotalDays":  10675199.116730064,
                                  "TotalHours":  256204778.80152154,
                                  "TotalMilliseconds":  922337203685477,
                                  "TotalMinutes":  15372286728.091293,
                                  "TotalSeconds":  922337203685.47754
                              },
        "ValidLifetime":  {
                              "Ticks":  9223372036854775807,
                              "Days":  10675199,
                              "Hours":  2,
                              "Milliseconds":  477,
                              "Minutes":  48,
                              "Seconds":  5,
                              "TotalDays":  10675199.116730064,
                              "TotalHours":  256204778.80152154,
                              "TotalMilliseconds":  922337203685477,
                              "TotalMinutes":  15372286728.091293,
                              "TotalSeconds":  922337203685.47754
                          },
        "PSComputerName":  null
    },
    {
        "Publish":  0,
        "Protocol":  2,
        "Store":  1,
        "AddressFamily":  23,
        "State":  0,
        "ifIndex":  1,
        "Caption":  null,
        "Description":  null,
        "ElementName":  null,
        "InstanceID":  "pp::DD9B55;55DD55;",
        "AdminDistance":  null,
        "DestinationAddress":  null,
        "IsStatic":  null,
        "RouteMetric":  256,
        "TypeOfRoute":  3,
        "CompartmentId":  1,
        "DestinationPrefix":  "ff00::/8",
        "InterfaceAlias":  "Loopback Pseudo-Interface 1",
        "InterfaceIndex":  1,
        "InterfaceMetric":  75,
        "NextHop":  "::",
        "PreferredLifetime":  {
                                  "Ticks":  9223372036854775807,
                                  "Days":  10675199,
                                  "Hours":  2,
                                  "Milliseconds":  477,
                                  "Minutes":  48,
                                  "Seconds":  5,
                                  "TotalDays":  10675199.116730064,
                                  "TotalHours":  256204778.80152154,
                                  "TotalMilliseconds":  922337203685477,
                                  "TotalMinutes":  15372286728.091293,
                                  "TotalSeconds":  922337203685.47754
                              },
        "ValidLifetime":  {
                              "Ticks":  9223372036854775807,
                              "Days":  10675199,
                              "Hours":  2,
                              "Milliseconds":  477,
                              "Minutes":  48,
                              "Seconds":  5,
                              "TotalDays":  10675199.116730064,
                              "TotalHours":  256204778.80152154,
                              "TotalMilliseconds":  922337203685477,
                              "TotalMinutes":  15372286728.091293,
                              "TotalSeconds":  922337203685.47754
                          },
        "PSComputerName":  null
    },
    {
        "Publish":  0,
        "Protocol":  2,
        "Store":  1,
        "AddressFamily":  23,
        "State":  0,
        "ifIndex":  14,
        "Caption":  null,
        "Description":  null,
        "ElementName":  null,
        "InstanceID":  "poB:DDk:ClDp=\u003c:Dl;BpDl?;\u003e9;\u003cB55;\u003e55DD55;",
        "AdminDistance":  null,
        "DestinationAddress":  null,
        "IsStatic":  null,
        "RouteMetric":  256,
        "TypeOfRoute":  3,
        "CompartmentId":  1,
        "DestinationPrefix":  "fe80::a09b:f320:b18f:b514/128",
        "InterfaceAlias":  "Wi-Fi",
        "InterfaceIndex":  14,
        "InterfaceMetric":  35,
        "NextHop":  "::",
        "PreferredLifetime":  {
                                  "Ticks":  9223372036854775807,
                                  "Days":  10675199,
                                  "Hours":  2,
                                  "Milliseconds":  477,
                                  "Minutes":  48,
                                  "Seconds":  5,
                                  "TotalDays":  10675199.116730064,
                                  "TotalHours":  256204778.80152154,
                                  "TotalMilliseconds":  922337203685477,
                                  "TotalMinutes":  15372286728.091293,
                                  "TotalSeconds":  922337203685.47754
                              },
        "ValidLifetime":  {
                              "Ticks":  9223372036854775807,
                              "Days":  10675199,
                              "Hours":  2,
                              "Milliseconds":  477,
                              "Minutes":  48,
                              "Seconds":  5,
                              "TotalDays":  10675199.116730064,
                              "TotalHours":  256204778.80152154,
                              "TotalMilliseconds":  922337203685477,
                              "TotalMinutes":  15372286728.091293,
                              "TotalSeconds":  922337203685.47754
                          },
        "PSComputerName":  null
    },
    {
        "Publish":  0,
        "Protocol":  2,
        "Store":  1,
        "AddressFamily":  23,
        "State":  0,
        "ifIndex":  40,
        "Caption":  null,
        "Description":  null,
        "ElementName":  null,
        "InstanceID":  "poB:DDC=C\u003cDm\u003c\u003emDB:?BDk\u003e::9;\u003cB55\u003e:55DD55;",
        "AdminDistance":  null,
        "DestinationAddress":  null,
        "IsStatic":  null,
        "RouteMetric":  256,
        "TypeOfRoute":  3,
        "CompartmentId":  1,
        "DestinationPrefix":  "fe80::9392:c24c:8058:a400/128",
        "InterfaceAlias":  "vEthernet (WSL (Hyper-V firewall))",
        "InterfaceIndex":  40,
        "InterfaceMetric":  5000,
        "NextHop":  "::",
        "PreferredLifetime":  {
                                  "Ticks":  9223372036854775807,
                                  "Days":  10675199,
                                  "Hours":  2,
                                  "Milliseconds":  477,
                                  "Minutes":  48,
                                  "Seconds":  5,
                                  "TotalDays":  10675199.116730064,
                                  "TotalHours":  256204778.80152154,
                                  "TotalMilliseconds":  922337203685477,
                                  "TotalMinutes":  15372286728.091293,
                                  "TotalSeconds":  922337203685.47754
                              },
        "ValidLifetime":  {
                              "Ticks":  9223372036854775807,
                              "Days":  10675199,
                              "Hours":  2,
                              "Milliseconds":  477,
                              "Minutes":  48,
                              "Seconds":  5,
                              "TotalDays":  10675199.116730064,
                              "TotalHours":  256204778.80152154,
                              "TotalMilliseconds":  922337203685477,
                              "TotalMinutes":  15372286728.091293,
                              "TotalSeconds":  922337203685.47754
                          },
        "PSComputerName":  null
    },
    {
        "Publish":  0,
        "Protocol":  2,
        "Store":  1,
        "AddressFamily":  23,
        "State":  0,
        "ifIndex":  6,
        "Caption":  null,
        "Description":  null,
        "ElementName":  null,
        "InstanceID":  "poB:DD\u003cp@kDmlmD?=;AD\u003e;=@9;\u003cB55@55DD55;",
        "AdminDistance":  null,
        "DestinationAddress":  null,
        "IsStatic":  null,
        "RouteMetric":  256,
        "TypeOfRoute":  3,
        "CompartmentId":  1,
        "DestinationPrefix":  "fe80::2f6a:cbc:5317:4136/128",
        "InterfaceAlias":  "Local Area Connection* 2",
        "InterfaceIndex":  6,
        "InterfaceMetric":  25,
        "NextHop":  "::",
        "PreferredLifetime":  {
                                  "Ticks":  9223372036854775807,
                                  "Days":  10675199,
                                  "Hours":  2,
                                  "Milliseconds":  477,
                                  "Minutes":  48,
                                  "Seconds":  5,
                                  "TotalDays":  10675199.116730064,
                                  "TotalHours":  256204778.80152154,
                                  "TotalMilliseconds":  922337203685477,
                                  "TotalMinutes":  15372286728.091293,
                                  "TotalSeconds":  922337203685.47754
                              },
        "ValidLifetime":  {
                              "Ticks":  9223372036854775807,
                              "Days":  10675199,
                              "Hours":  2,
                              "Milliseconds":  477,
                              "Minutes":  48,
                              "Seconds":  5,
                              "TotalDays":  10675199.116730064,
                              "TotalHours":  256204778.80152154,
                              "TotalMilliseconds":  922337203685477,
                              "TotalMinutes":  15372286728.091293,
                              "TotalSeconds":  922337203685.47754
                          },
        "PSComputerName":  null
    },
    {
        "Publish":  0,
        "Protocol":  2,
        "Store":  1,
        "AddressFamily":  23,
        "State":  0,
        "ifIndex":  8,
        "Caption":  null,
        "Description":  null,
        "ElementName":  null,
        "InstanceID":  "poB:DDBpkD\u003eC::Dpp\u003cCD@@l\u003c9;\u003cB55B55DD55;",
        "AdminDistance":  null,
        "DestinationAddress":  null,
        "IsStatic":  null,
        "RouteMetric":  256,
        "TypeOfRoute":  3,
        "CompartmentId":  1,
        "DestinationPrefix":  "fe80::8fa:4900:ff29:66b2/128",
        "InterfaceAlias":  "Local Area Connection* 1",
        "InterfaceIndex":  8,
        "InterfaceMetric":  25,
        "NextHop":  "::",
        "PreferredLifetime":  {
                                  "Ticks":  9223372036854775807,
                                  "Days":  10675199,
                                  "Hours":  2,
                                  "Milliseconds":  477,
                                  "Minutes":  48,
                                  "Seconds":  5,
                                  "TotalDays":  10675199.116730064,
                                  "TotalHours":  256204778.80152154,
                                  "TotalMilliseconds":  922337203685477,
                                  "TotalMinutes":  15372286728.091293,
                                  "TotalSeconds":  922337203685.47754
                              },
        "ValidLifetime":  {
                              "Ticks":  9223372036854775807,
                              "Days":  10675199,
                              "Hours":  2,
                              "Milliseconds":  477,
                              "Minutes":  48,
                              "Seconds":  5,
                              "TotalDays":  10675199.116730064,
                              "TotalHours":  256204778.80152154,
                              "TotalMilliseconds":  922337203685477,
                              "TotalMinutes":  15372286728.091293,
                              "TotalSeconds":  922337203685.47754
                          },
        "PSComputerName":  null
    },
    {
        "Publish":  0,
        "Protocol":  2,
        "Store":  1,
        "AddressFamily":  23,
        "State":  0,
        "ifIndex":  40,
        "Caption":  null,
        "Description":  null,
        "ElementName":  null,
        "InstanceID":  "poB:DD9@\u003e55\u003e:55DD55;",
        "AdminDistance":  null,
        "DestinationAddress":  null,
        "IsStatic":  null,
        "RouteMetric":  256,
        "TypeOfRoute":  3,
        "CompartmentId":  1,
        "DestinationPrefix":  "fe80::/64",
        "InterfaceAlias":  "vEthernet (WSL (Hyper-V firewall))",
        "InterfaceIndex":  40,
        "InterfaceMetric":  5000,
        "NextHop":  "::",
        "PreferredLifetime":  {
                                  "Ticks":  9223372036854775807,
                                  "Days":  10675199,
                                  "Hours":  2,
                                  "Milliseconds":  477,
                                  "Minutes":  48,
                                  "Seconds":  5,
                                  "TotalDays":  10675199.116730064,
                                  "TotalHours":  256204778.80152154,
                                  "TotalMilliseconds":  922337203685477,
                                  "TotalMinutes":  15372286728.091293,
                                  "TotalSeconds":  922337203685.47754
                              },
        "ValidLifetime":  {
                              "Ticks":  9223372036854775807,
                              "Days":  10675199,
                              "Hours":  2,
                              "Milliseconds":  477,
                              "Minutes":  48,
                              "Seconds":  5,
                              "TotalDays":  10675199.116730064,
                              "TotalHours":  256204778.80152154,
                              "TotalMilliseconds":  922337203685477,
                              "TotalMinutes":  15372286728.091293,
                              "TotalSeconds":  922337203685.47754
                          },
        "PSComputerName":  null
    },
    {
        "Publish":  0,
        "Protocol":  2,
        "Store":  1,
        "AddressFamily":  23,
        "State":  0,
        "ifIndex":  6,
        "Caption":  null,
        "Description":  null,
        "ElementName":  null,
        "InstanceID":  "poB:DD9@\u003e55@55DD55;",
        "AdminDistance":  null,
        "DestinationAddress":  null,
        "IsStatic":  null,
        "RouteMetric":  256,
        "TypeOfRoute":  3,
        "CompartmentId":  1,
        "DestinationPrefix":  "fe80::/64",
        "InterfaceAlias":  "Local Area Connection* 2",
        "InterfaceIndex":  6,
        "InterfaceMetric":  25,
        "NextHop":  "::",
        "PreferredLifetime":  {
                                  "Ticks":  9223372036854775807,
                                  "Days":  10675199,
                                  "Hours":  2,
                                  "Milliseconds":  477,
                                  "Minutes":  48,
                                  "Seconds":  5,
                                  "TotalDays":  10675199.116730064,
                                  "TotalHours":  256204778.80152154,
                                  "TotalMilliseconds":  922337203685477,
                                  "TotalMinutes":  15372286728.091293,
                                  "TotalSeconds":  922337203685.47754
                              },
        "ValidLifetime":  {
                              "Ticks":  9223372036854775807,
                              "Days":  10675199,
                              "Hours":  2,
                              "Milliseconds":  477,
                              "Minutes":  48,
                              "Seconds":  5,
                              "TotalDays":  10675199.116730064,
                              "TotalHours":  256204778.80152154,
                              "TotalMilliseconds":  922337203685477,
                              "TotalMinutes":  15372286728.091293,
                              "TotalSeconds":  922337203685.47754
                          },
        "PSComputerName":  null
    },
    {
        "Publish":  0,
        "Protocol":  2,
        "Store":  1,
        "AddressFamily":  23,
        "State":  0,
        "ifIndex":  8,
        "Caption":  null,
        "Description":  null,
        "ElementName":  null,
        "InstanceID":  "poB:DD9@\u003e55B55DD55;",
        "AdminDistance":  null,
        "DestinationAddress":  null,
        "IsStatic":  null,
        "RouteMetric":  256,
        "TypeOfRoute":  3,
        "CompartmentId":  1,
        "DestinationPrefix":  "fe80::/64",
        "InterfaceAlias":  "Local Area Connection* 1",
        "InterfaceIndex":  8,
        "InterfaceMetric":  25,
        "NextHop":  "::",
        "PreferredLifetime":  {
                                  "Ticks":  9223372036854775807,
                                  "Days":  10675199,
                                  "Hours":  2,
                                  "Milliseconds":  477,
                                  "Minutes":  48,
                                  "Seconds":  5,
                                  "TotalDays":  10675199.116730064,
                                  "TotalHours":  256204778.80152154,
                                  "TotalMilliseconds":  922337203685477,
                                  "TotalMinutes":  15372286728.091293,
                                  "TotalSeconds":  922337203685.47754
                              },
        "ValidLifetime":  {
                              "Ticks":  9223372036854775807,
                              "Days":  10675199,
                              "Hours":  2,
                              "Milliseconds":  477,
                              "Minutes":  48,
                              "Seconds":  5,
                              "TotalDays":  10675199.116730064,
                              "TotalHours":  256204778.80152154,
                              "TotalMilliseconds":  922337203685477,
                              "TotalMinutes":  15372286728.091293,
                              "TotalSeconds":  922337203685.47754
                          },
        "PSComputerName":  null
    },
    {
        "Publish":  0,
        "Protocol":  2,
        "Store":  1,
        "AddressFamily":  23,
        "State":  0,
        "ifIndex":  14,
        "Caption":  null,
        "Description":  null,
        "ElementName":  null,
        "InstanceID":  "poB:DD9@\u003e55;\u003e55DD55;",
        "AdminDistance":  null,
        "DestinationAddress":  null,
        "IsStatic":  null,
        "RouteMetric":  256,
        "TypeOfRoute":  3,
        "CompartmentId":  1,
        "DestinationPrefix":  "fe80::/64",
        "InterfaceAlias":  "Wi-Fi",
        "InterfaceIndex":  14,
        "InterfaceMetric":  35,
        "NextHop":  "::",
        "PreferredLifetime":  {
                                  "Ticks":  9223372036854775807,
                                  "Days":  10675199,
                                  "Hours":  2,
                                  "Milliseconds":  477,
                                  "Minutes":  48,
                                  "Seconds":  5,
                                  "TotalDays":  10675199.116730064,
                                  "TotalHours":  256204778.80152154,
                                  "TotalMilliseconds":  922337203685477,
                                  "TotalMinutes":  15372286728.091293,
                                  "TotalSeconds":  922337203685.47754
                              },
        "ValidLifetime":  {
                              "Ticks":  9223372036854775807,
                              "Days":  10675199,
                              "Hours":  2,
                              "Milliseconds":  477,
                              "Minutes":  48,
                              "Seconds":  5,
                              "TotalDays":  10675199.116730064,
                              "TotalHours":  256204778.80152154,
                              "TotalMilliseconds":  922337203685477,
                              "TotalMinutes":  15372286728.091293,
                              "TotalSeconds":  922337203685.47754
                          },
        "PSComputerName":  null
    },
    {
        "Publish":  0,
        "Protocol":  2,
        "Store":  1,
        "AddressFamily":  23,
        "State":  0,
        "ifIndex":  14,
        "Caption":  null,
        "Description":  null,
        "ElementName":  null,
        "InstanceID":  "\u003c\u003e:?D\u003c:;DB::\u003cD;B;mDk;@AD;\u003c@CDBplmD\u003ck:9;\u003cB55;\u003e55DD55;",
        "AdminDistance":  null,
        "DestinationAddress":  null,
        "IsStatic":  null,
        "RouteMetric":  256,
        "TypeOfRoute":  3,
        "CompartmentId":  1,
        "DestinationPrefix":  "2405:201:8002:181c:a167:1269:8fbc:2a0/128",
        "InterfaceAlias":  "Wi-Fi",
        "InterfaceIndex":  14,
        "InterfaceMetric":  35,
        "NextHop":  "::",
        "PreferredLifetime":  {
                                  "Ticks":  9223372036854775807,
                                  "Days":  10675199,
                                  "Hours":  2,
                                  "Milliseconds":  477,
                                  "Minutes":  48,
                                  "Seconds":  5,
                                  "TotalDays":  10675199.116730064,
                                  "TotalHours":  256204778.80152154,
                                  "TotalMilliseconds":  922337203685477,
                                  "TotalMinutes":  15372286728.091293,
                                  "TotalSeconds":  922337203685.47754
                              },
        "ValidLifetime":  {
                              "Ticks":  9223372036854775807,
                              "Days":  10675199,
                              "Hours":  2,
                              "Milliseconds":  477,
                              "Minutes":  48,
                              "Seconds":  5,
                              "TotalDays":  10675199.116730064,
                              "TotalHours":  256204778.80152154,
                              "TotalMilliseconds":  922337203685477,
                              "TotalMinutes":  15372286728.091293,
                              "TotalSeconds":  922337203685.47754
                          },
        "PSComputerName":  null
    },
    {
        "Publish":  0,
        "Protocol":  2,
        "Store":  1,
        "AddressFamily":  23,
        "State":  0,
        "ifIndex":  14,
        "Caption":  null,
        "Description":  null,
        "ElementName":  null,
        "InstanceID":  "\u003c\u003e:?D\u003c:;DB::\u003cD;B;mDB?n\u003eDpkpmDp:\u003e;D\u003cn:l9;\u003cB55;\u003e55DD55;",
        "AdminDistance":  null,
        "DestinationAddress":  null,
        "IsStatic":  null,
        "RouteMetric":  256,
        "TypeOfRoute":  3,
        "CompartmentId":  1,
        "DestinationPrefix":  "2405:201:8002:181c:85d4:fafc:f041:2d0b/128",
        "InterfaceAlias":  "Wi-Fi",
        "InterfaceIndex":  14,
        "InterfaceMetric":  35,
        "NextHop":  "::",
        "PreferredLifetime":  {
                                  "Ticks":  9223372036854775807,
                                  "Days":  10675199,
                                  "Hours":  2,
                                  "Milliseconds":  477,
                                  "Minutes":  48,
                                  "Seconds":  5,
                                  "TotalDays":  10675199.116730064,
                                  "TotalHours":  256204778.80152154,
                                  "TotalMilliseconds":  922337203685477,
                                  "TotalMinutes":  15372286728.091293,
                                  "TotalSeconds":  922337203685.47754
                              },
        "ValidLifetime":  {
                              "Ticks":  9223372036854775807,
                              "Days":  10675199,
                              "Hours":  2,
                              "Milliseconds":  477,
                              "Minutes":  48,
                              "Seconds":  5,
                              "TotalDays":  10675199.116730064,
                              "TotalHours":  256204778.80152154,
                              "TotalMilliseconds":  922337203685477,
                              "TotalMinutes":  15372286728.091293,
                              "TotalSeconds":  922337203685.47754
                          },
        "PSComputerName":  null
    },
    {
        "Publish":  0,
        "Protocol":  3,
        "Store":  1,
        "AddressFamily":  23,
        "State":  0,
        "ifIndex":  14,
        "Caption":  null,
        "Description":  null,
        "ElementName":  null,
        "InstanceID":  "\u003c\u003e:?D\u003c:;DB::\u003cD;B;mDD9@\u003e55;\u003e55DD55;",
        "AdminDistance":  null,
        "DestinationAddress":  null,
        "IsStatic":  null,
        "RouteMetric":  16,
        "TypeOfRoute":  3,
        "CompartmentId":  1,
        "DestinationPrefix":  "2405:201:8002:181c::/64",
        "InterfaceAlias":  "Wi-Fi",
        "InterfaceIndex":  14,
        "InterfaceMetric":  35,
        "NextHop":  "::",
        "PreferredLifetime":  {
                                  "Ticks":  26950000000,
                                  "Days":  0,
                                  "Hours":  0,
                                  "Milliseconds":  0,
                                  "Minutes":  44,
                                  "Seconds":  55,
                                  "TotalDays":  0.031192129629629629,
                                  "TotalHours":  0.74861111111111112,
                                  "TotalMilliseconds":  2695000,
                                  "TotalMinutes":  44.916666666666664,
                                  "TotalSeconds":  2695
                              },
        "ValidLifetime":  {
                              "Ticks":  35960000000,
                              "Days":  0,
                              "Hours":  0,
                              "Milliseconds":  0,
                              "Minutes":  59,
                              "Seconds":  56,
                              "TotalDays":  0.04162037037037037,
                              "TotalHours":  0.99888888888888883,
                              "TotalMilliseconds":  3596000,
                              "TotalMinutes":  59.933333333333337,
                              "TotalSeconds":  3596
                          },
        "PSComputerName":  null
    },
    {
        "Publish":  0,
        "Protocol":  2,
        "Store":  1,
        "AddressFamily":  23,
        "State":  0,
        "ifIndex":  1,
        "Caption":  null,
        "Description":  null,
        "ElementName":  null,
        "InstanceID":  "DD;9;\u003cB55;55DD55;",
        "AdminDistance":  null,
        "DestinationAddress":  null,
        "IsStatic":  null,
        "RouteMetric":  256,
        "TypeOfRoute":  3,
        "CompartmentId":  1,
        "DestinationPrefix":  "::1/128",
        "InterfaceAlias":  "Loopback Pseudo-Interface 1",
        "InterfaceIndex":  1,
        "InterfaceMetric":  75,
        "NextHop":  "::",
        "PreferredLifetime":  {
                                  "Ticks":  9223372036854775807,
                                  "Days":  10675199,
                                  "Hours":  2,
                                  "Milliseconds":  477,
                                  "Minutes":  48,
                                  "Seconds":  5,
                                  "TotalDays":  10675199.116730064,
                                  "TotalHours":  256204778.80152154,
                                  "TotalMilliseconds":  922337203685477,
                                  "TotalMinutes":  15372286728.091293,
                                  "TotalSeconds":  922337203685.47754
                              },
        "ValidLifetime":  {
                              "Ticks":  9223372036854775807,
                              "Days":  10675199,
                              "Hours":  2,
                              "Milliseconds":  477,
                              "Minutes":  48,
                              "Seconds":  5,
                              "TotalDays":  10675199.116730064,
                              "TotalHours":  256204778.80152154,
                              "TotalMilliseconds":  922337203685477,
                              "TotalMinutes":  15372286728.091293,
                              "TotalSeconds":  922337203685.47754
                          },
        "PSComputerName":  null
    },
    {
        "Publish":  0,
        "Protocol":  3,
        "Store":  1,
        "AddressFamily":  23,
        "State":  0,
        "ifIndex":  14,
        "Caption":  null,
        "Description":  null,
        "ElementName":  null,
        "InstanceID":  "DD9:55;\u003e55poB:DDp@mkDoAppDpokBDp?\u003c@55;",
        "AdminDistance":  null,
        "DestinationAddress":  null,
        "IsStatic":  null,
        "RouteMetric":  16,
        "TypeOfRoute":  3,
        "CompartmentId":  1,
        "DestinationPrefix":  "::/0",
        "InterfaceAlias":  "Wi-Fi",
        "InterfaceIndex":  14,
        "InterfaceMetric":  35,
        "NextHop":  "fe80::f6ca:e7ff:fea8:f526",
        "PreferredLifetime":  {
                                  "Ticks":  26930000000,
                                  "Days":  0,
                                  "Hours":  0,
                                  "Milliseconds":  0,
                                  "Minutes":  44,
                                  "Seconds":  53,
                                  "TotalDays":  0.031168981481481482,
                                  "TotalHours":  0.74805555555555547,
                                  "TotalMilliseconds":  2693000,
                                  "TotalMinutes":  44.883333333333333,
                                  "TotalSeconds":  2693
                              },
        "ValidLifetime":  {
                              "Ticks":  35930000000,
                              "Days":  0,
                              "Hours":  0,
                              "Milliseconds":  0,
                              "Minutes":  59,
                              "Seconds":  53,
                              "TotalDays":  0.041585648148148149,
                              "TotalHours":  0.99805555555555547,
                              "TotalMilliseconds":  3593000,
                              "TotalMinutes":  59.883333333333333,
                              "TotalSeconds":  3593
                          },
        "PSComputerName":  null
    }
]
