{
    "AdminPasswordStatus":  3,
    "BootupState":  "Normal boot",
    "ChassisBootupState":  3,
    "KeyboardPasswordStatus":  3,
    "PowerOnPasswordStatus":  3,
    "PowerSupplyState":  3,
    "PowerState":  0,
    "FrontPanelResetStatus":  3,
    "ThermalState":  3,
    "Status":  "OK",
    "Name":  "<HOST>",
    "PowerManagementCapabilities":  null,
    "PowerManagementSupported":  null,
    "Caption":  "<HOST>",
    "Description":  "AT/AT COMPATIBLE",
    "InstallDate":  null,
    "CreationClassName":  "Win32_ComputerSystem",
    "NameFormat":  null,
    "PrimaryOwnerContact":  null,
    "PrimaryOwnerName":  "<EMAIL>",
    "Roles":  [
                  "LM_Workstation",
                  "LM_Server",
                  "NT"
              ],
    "InitialLoadInfo":  null,
    "LastLoadInfo":  null,
    "ResetCapability":  1,
    "AutomaticManagedPagefile":  true,
    "AutomaticResetBootOption":  true,
    "AutomaticResetCapability":  true,
    "BootOptionOnLimit":  null,
    "BootOptionOnWatchDog":  null,
    "BootROMSupported":  true,
    "BootStatus":  [
                       0,
                       0,
                       0,
                       39,
                       22,
                       0,
                       39,
                       1,
                       1,
                       2
                   ],
    "ChassisSKUNumber":  "Notebook",
    "CurrentTimeZone":  330,
    "DaylightInEffect":  null,
    "DNSHostName":  "<HOST>",
    "Domain":  "WORKGROUP",
    "DomainRole":  0,
    "EnableDaylightSavingsTime":  true,
    "HypervisorPresent":  true,
    "InfraredSupported":  false,
    "Manufacturer":  "Dell Inc.",
    "Model":  "Inspiron 15 3520",
    "NetworkServerModeEnabled":  true,
    "NumberOfLogicalProcessors":  12,
    "NumberOfProcessors":  1,
    "OEMStringArray":  [
                           "Dell System",
                           "1[0B92]",
                           "3[1.0]",
                           "12[www.dell.com]",
                           "14[1]",
                           "15[0]",
                           "27[28724081440]"
                       ],
    "PartOfDomain":  false,
    "PauseAfterReset":  -1,
    "PCSystemType":  2,
    "PCSystemTypeEx":  2,
    "ResetCount":  -1,
    "ResetLimit":  -1,
    "SupportContactDescription":  null,
    "SystemFamily":  "Inspiron",
    "SystemSKUNumber":  "0B92",
    "SystemStartupDelay":  null,
    "SystemStartupOptions":  null,
    "SystemStartupSetting":  null,
    "SystemType":  "x64-based PC",
    "TotalPhysicalMemory":  16849293312,
    "UserName":  "<HOST>\\annes",
    "WakeUpType":  6,
    "Workgroup":  "WORKGROUP",
    "PSComputerName":  null
}
