{
    "Status":  "OK",
    "Name":  "Base Board",
    "PoweredOn":  true,
    "Caption":  "Base Board",
    "Description":  "Base Board",
    "InstallDate":  null,
    "CreationClassName":  "Win32_BaseBoard",
    "Manufacturer":  "Dell Inc.",
    "Model":  null,
    "OtherIdentifyingInfo":  null,
    "PartNumber":  null,
    "SerialNumber":  "/D71KR34/CNCMC0044H00DB/",
    "SKU":  null,
    "Tag":  "Base Board",
    "Version":  "A00",
    "Depth":  null,
    "Height":  null,
    "HotSwappable":  false,
    "Removable":  false,
    "Replaceable":  true,
    "Weight":  null,
    "Width":  null,
    "HostingBoard":  true,
    "RequirementsDescription":  null,
    "RequiresDaughterBoard":  false,
    "SlotLayout":  null,
    "SpecialRequirements":  null,
    "ConfigOptions":  [
                          "J6H1:1-X Boot with Default; J8H1:1-X BIOS RECOVERY"
                      ],
    "Product":  "0RNNT7",
    "PSComputerName":  null
}
