{
    "Status":  "OK",
    "Name":  "Microsoft Windows 11 Home Single Language|C:\\WINDOWS|\\Device\\Harddisk0\\Partition3",
    "FreePhysicalMemory":  3642940,
    "FreeSpaceInPagingFiles":  8964132,
    "FreeVirtualMemory":  4310156,
    "Caption":  "Microsoft Windows 11 Home Single Language",
    "Description":  "",
    "InstallDate":  "\/Date(1759479367000)\/",
    "CreationClassName":  "Win32_OperatingSystem",
    "CSCreationClassName":  "Win32_ComputerSystem",
    "CSName":  "<HOST>",
    "CurrentTimeZone":  330,
    "Distributed":  false,
    "LastBootUpTime":  "\/Date(1771854595501)\/",
    "LocalDateTime":  "\/Date(1771996642649)\/",
    "MaxNumberOfProcesses":  4294967295,
    "MaxProcessMemorySize":  137438953344,
    "NumberOfLicensedUsers":  null,
    "NumberOfProcesses":  364,
    "NumberOfUsers":  2,
    "OSType":  18,
    "OtherTypeDescription":  null,
    "SizeStoredInPagingFiles":  10170124,
    "TotalSwapSpaceSize":  null,
    "TotalVirtualMemorySize":  26624512,
    "TotalVisibleMemorySize":  16454388,
    "Version":  "10.0.26200",
    "BootDevice":  "\\Device\\HarddiskVolume1",
    "BuildNumber":  "26200",
    "BuildType":  "Multiprocessor Free",
    "CodeSet":  "1252",
    "CountryCode":  "1",
    "CSDVersion":  null,
    "DataExecutionPrevention_32BitApplications":  true,
    "DataExecutionPrevention_Available":  true,
    "DataExecutionPrevention_Drivers":  true,
    "DataExecutionPrevention_SupportPolicy":  2,
    "Debug":  false,
    "EncryptionLevel":  256,
    "ForegroundApplicationBoost":  2,
    "LargeSystemCache":  null,
    "Locale":  "0409",
    "Manufacturer":  "Microsoft Corporation",
    "MUILanguages":  [
                         "en-US",
                         "en-GB"
                     ],
    "OperatingSystemSKU":  100,
    "Organization":  null,
    "OSArchitecture":  "64-bit",
    "OSLanguage":  1033,
    "OSProductSuite":  768,
    "PAEEnabled":  null,
    "PlusProductID":  null,
    "PlusVersionNumber":  null,
    "PortableOperatingSystem":  false,
    "Primary":  true,
    "ProductType":  1,
    "RegisteredUser":  "<EMAIL>",
    "SerialNumber":  "00356-24750-24250-AAOEM",
    "ServicePackMajorVersion":  0,
    "ServicePackMinorVersion":  0,
    "SuiteMask":  784,
    "SystemDevice":  "\\Device\\HarddiskVolume3",
    "SystemDirectory":  "C:\\WINDOWS\\system32",
    "SystemDrive":  "C:",
    "WindowsDirectory":  "C:\\WINDOWS",
    "PSComputerName":  null
}
