{
  "0": "eyJPcmdhbml6YXRpb25zIjpudWxsLCJQbGFuTmFtZSI6InBlcnNvbmFsIiwiVXNlcm5hbWUiOiJhbmFuZHBrdHJpcGF0aGkiLCJFbWFpbCI6ImFuYW5kcGt0cmlwYXRoaUBnbWFpbC5jb20ifQ==",
  "1": "4payd74/nKGiA9heS824ZSdV3RUL/84eDQZqwm1EqI5voTfVDoSLUnoQBhB371n/ucBDzAR1vAnHMmaFTGL3DQ==",
  "2": "djGTvBq7LebSGzE0JfxqxQiubtm5cRwkevYZMtcvaBfTdA==",
  "3": "2026-02-25 09:16:54.1580717 +0530 IST m=+19.093504901",
  "4": "sbScRNvItCSriszV0cbTcw1mUFloFKx8JI0LNJEEHfj1HP4mANkj122w1e/HW7T0empHMXFeybeePVQAQn1hCQ==",
  "5": "djHXyQDEukyH48bAHTfT2YBKdsmHdgOLakSm96OXDNub6g=="
}
