{
  "AICancellationIntervention": {
    "name": "AICancellationIntervention",
    "enabled": true,
    "variant": {
      "name": "disabled",
      "payload": {}
    }
  },
  "AccessControlLoadRepoResources": {
    "name": "AccessControlLoadRepoResources",
    "enabled": true,
    "variant": {
      "name": "disabled",
      "payload": {}
    }
  },
  "AccountsApiLoginLog": {
    "name": "AccountsApiLoginLog",
    "enabled": true,
    "variant": {
      "name": "disabled",
      "payload": {}
    }
  },
  "AccountsDisableSignupValidation": {
    "name": "AccountsDisableSignupValidation",
    "enabled": true,
    "variant": {
      "name": "disabled",
      "payload": {}
    }
  },
  "AccountsEventsUseRiverQueue": {
    "name": "AccountsEventsUseRiverQueue",
    "enabled": true,
    "variant": {
      "name": "disabled",
      "payload": {}
    }
  },
  "AccountsSkipReposNewCalls": {
    "name": "AccountsSkipReposNewCalls",
    "enabled": true,
    "variant": {
      "name": "disabled",
      "payload": {}
    }
  },
  "AgentSandboxes": {
    "name": "AgentSandboxes",
    "enabled": true,
    "variant": {
      "name": "disabled",
      "payload": {}
    }
  },
  "AllowAccessToAutoGeneratedPATs": {
    "name": "AllowAccessToAutoGeneratedPATs",
    "enabled": true,
    "variant": {
      "name": "disabled",
      "payload": {}
    }
  },
  "ArtifactoryIntegration": {
    "name": "ArtifactoryIntegration",
    "enabled": true,
    "variant": {
      "name": "disabled",
      "payload": {}
    }
  },
  "AskGordonAttachment": {
    "name": "AskGordonAttachment",
    "enabled": true,
    "variant": {
      "name": "disabled",
      "payload": {}
    }
  },
  "AskGordonDesktop": {
    "name": "AskGordonDesktop",
    "enabled": true,
    "variant": {
      "name": "disabled",
      "payload": {}
    }
  },
  "AutobuildsCutoff": {
    "name": "AutobuildsCutoff",
    "enabled": true,
    "variant": {
      "name": "disabled",
      "payload": {}
    }
  },
  "BillingAccountsAPIV5": {
    "name": "BillingAccountsAPIV5",
    "enabled": true,
    "variant": {
      "name": "disabled",
      "payload": {}
    }
  },
  "BillingBillForwardCorePro": {
    "name": "BillingBillForwardCorePro",
    "enabled": true,
    "variant": {
      "name": "disabled",
      "payload": {}
    }
  },
  "BillingBillForwardCoreProSkipProcessing": {
    "name": "BillingBillForwardCoreProSkipProcessing",
    "enabled": true,
    "variant": {
      "name": "disabled",
      "payload": {}
    }
  },
  "BillingBillForwardSkipProcessing": {
    "name": "BillingBillForwardSkipProcessing",
    "enabled": true,
    "variant": {
      "name": "disabled",
      "payload": {}
    }
  },
  "BillingCloudUsage": {
    "name": "BillingCloudUsage",
    "enabled": true,
    "variant": {
      "name": "disabled",
      "payload": {}
    }
  },
  "BillingDisableV4SubscriptionAPI": {
    "name": "BillingDisableV4SubscriptionAPI",
    "enabled": true,
    "variant": {
      "name": "disabled",
      "payload": {}
    }
  },
  "BillingEntitlementOrgBlock": {
    "name": "BillingEntitlementOrgBlock",
    "enabled": true,
    "variant": {
      "name": "disabled",
      "payload": {}
    }
  },
  "BillingHubStripeSubscription": {
    "name": "BillingHubStripeSubscription",
    "enabled": true,
    "variant": {
      "name": "disabled",
      "payload": {}
    }
  },
  "BillingInvoices": {
    "name": "BillingInvoices",
    "enabled": true,
    "variant": {
      "name": "disabled",
      "payload": {}
    }
  },
  "BillingNoBillforwardSync": {
    "name": "BillingNoBillforwardSync",
    "enabled": true,
    "variant": {
      "name": "disabled",
      "payload": {}
    }
  },
  "BillingStripeCorePro": {
    "name": "BillingStripeCorePro",
    "enabled": true,
    "variant": {
      "name": "disabled",
      "payload": {}
    }
  },
  "BillingTaxInQuote": {
    "name": "BillingTaxInQuote",
    "enabled": true,
    "variant": {
      "name": "disabled",
      "payload": {}
    }
  },
  "BuildCloudHubAnnouncements": {
    "name": "BuildCloudHubAnnouncements",
    "enabled": true,
    "variant": {
      "name": "disabled",
      "payload": {}
    }
  },
  "BuildsViewEAPBanner": {
    "name": "BuildsViewEAPBanner",
    "enabled": true,
    "variant": {
      "name": "disabled",
      "payload": {}
    }
  },
  "BuildsViewGABanner": {
    "name": "BuildsViewGABanner",
    "enabled": true,
    "variant": {
      "name": "disabled",
      "payload": {}
    }
  },
  "CheckOpenFgaEnabled": {
    "name": "CheckOpenFgaEnabled",
    "enabled": true,
    "variant": {
      "name": "disabled",
      "payload": {}
    }
  },
  "ChooseProfileAdmin": {
    "name": "ChooseProfileAdmin",
    "enabled": true,
    "variant": {
      "name": "disabled",
      "payload": {}
    }
  },
  "ChooseProfileBilling": {
    "name": "ChooseProfileBilling",
    "enabled": true,
    "variant": {
      "name": "disabled",
      "payload": {}
    }
  },
  "ChooseProfileDbc": {
    "name": "ChooseProfileDbc",
    "enabled": true,
    "variant": {
      "name": "disabled",
      "payload": {}
    }
  },
  "CloudBuildOfflineHistoryOptIn": {
    "name": "CloudBuildOfflineHistoryOptIn",
    "enabled": true,
    "variant": {
      "name": "disabled",
      "payload": {}
    }
  },
  "ComposeBridge": {
    "name": "ComposeBridge",
    "enabled": true,
    "variant": {
      "name": "disabled",
      "payload": {}
    }
  },
  "ComposeNav": {
    "name": "ComposeNav",
    "enabled": true,
    "variant": {
      "name": "disabled",
      "payload": {}
    }
  },
  "ComposeUIView": {
    "name": "ComposeUIView",
    "enabled": true,
    "variant": {
      "name": "disabled",
      "payload": {}
    }
  },
  "ConsolidatedPlansBillingPhase1": {
    "name": "ConsolidatedPlansBillingPhase1",
    "enabled": true,
    "variant": {
      "name": "disabled",
      "payload": {}
    }
  },
  "ConsolidatedPlansBillingPhase2": {
    "name": "ConsolidatedPlansBillingPhase2",
    "enabled": true,
    "variant": {
      "name": "disabled",
      "payload": {}
    }
  },
  "ConsolidatedPlansEmailUpdates": {
    "name": "ConsolidatedPlansEmailUpdates",
    "enabled": true,
    "variant": {
      "name": "disabled",
      "payload": {}
    }
  },
  "ConsolidatedPlansFreeTierUpdates": {
    "name": "ConsolidatedPlansFreeTierUpdates",
    "enabled": true,
    "variant": {
      "name": "disabled",
      "payload": {}
    }
  },
  "ConsolidatedPlansRenewalMonitoring": {
    "name": "ConsolidatedPlansRenewalMonitoring",
    "enabled": true,
    "variant": {
      "name": "disabled",
      "payload": {}
    }
  },
  "ConsolidatedSurveysM0": {
    "name": "ConsolidatedSurveysM0",
    "enabled": true,
    "variant": {
      "name": "disabled",
      "payload": {}
    }
  },
  "ContainerFileExplorerCore": {
    "name": "ContainerFileExplorerCore",
    "enabled": true,
    "variant": {
      "name": "disabled",
      "payload": {}
    }
  },
  "ContainerdEnableAfterReset": {
    "name": "ContainerdEnableAfterReset",
    "enabled": true,
    "variant": {
      "name": "disabled",
      "payload": {}
    }
  },
  "ContainerdEnableByDefault": {
    "name": "ContainerdEnableByDefault",
    "enabled": true,
    "variant": {
      "name": "disabled",
      "payload": {}
    }
  },
  "ContainerdV2Notification": {
    "name": "ContainerdV2Notification",
    "enabled": true,
    "variant": {
      "name": "disabled",
      "payload": {}
    }
  },
  "CoreExpToast": {
    "name": "CoreExpToast",
    "enabled": true,
    "variant": {
      "name": "disabled",
      "payload": {}
    }
  },
  "CreateNewAccountEmailWhitelist": {
    "name": "CreateNewAccountEmailWhitelist",
    "enabled": true,
    "variant": {
      "name": "disabled",
      "payload": {}
    }
  },
  "CuratedWalkthroughs": {
    "name": "CuratedWalkthroughs",
    "enabled": true,
    "variant": {
      "name": "disabled",
      "payload": {}
    }
  },
  "CustomRoles": {
    "name": "CustomRoles",
    "enabled": true,
    "variant": {
      "name": "disabled",
      "payload": {}
    }
  },
  "CustomizableDockerDesktopSideNav": {
    "name": "CustomizableDockerDesktopSideNav",
    "enabled": true,
    "variant": {
      "name": "disabled",
      "payload": {}
    }
  },
  "DDSNewNavigation": {
    "name": "DDSNewNavigation",
    "enabled": true,
    "variant": {
      "name": "disabled",
      "payload": {}
    }
  },
  "DDSRespectSystemTheme": {
    "name": "DDSRespectSystemTheme",
    "enabled": true,
    "variant": {
      "name": "disabled",
      "payload": {}
    }
  },
  "DDSUseCssVarsTheme": {
    "name": "DDSUseCssVarsTheme",
    "enabled": true,
    "variant": {
      "name": "disabled",
      "payload": {}
    }
  },
  "DDSV2Theme": {
    "name": "DDSV2Theme",
    "enabled": true,
    "variant": {
      "name": "disabled",
      "payload": {}
    }
  },
  "DDSV2ThemeWeb": {
    "name": "DDSV2ThemeWeb",
    "enabled": true,
    "variant": {
      "name": "disabled",
      "payload": {}
    }
  },
  "DDVersionUpdateFlow": {
    "name": "DDVersionUpdateFlow",
    "enabled": true,
    "variant": {
      "name": "disabled",
      "payload": {}
    }
  },
  "DDVersionUpdateHighlights": {
    "name": "DDVersionUpdateHighlights",
    "enabled": true,
    "variant": {
      "name": "disabled",
      "payload": {}
    }
  },
  "DashboardContainerSyncV2": {
    "name": "DashboardContainerSyncV2",
    "enabled": true,
    "variant": {
      "name": "disabled",
      "payload": {}
    }
  },
  "DashboardOutdatedVersionBanner": {
    "name": "DashboardOutdatedVersionBanner",
    "enabled": true,
    "variant": {
      "name": "Primary",
      "payload": {
        "type": "json",
        "value": "{\n  \"unsupportedVersionBanner\": {\n    \"enabled\": true,\n    \"visibilityThresholdInDays\": 184\n  },\n  \"availableUpdateBanner\": {\n    \"enabled\": true,\n    \"dismissalPersistenceInDays\": 28,\n    \"visibilityThresholdInDays\": 15,\n    \"showAgeThresholdInDays\": 60\n  }\n}"
      }
    }
  },
  "DataGridRedesign": {
    "name": "DataGridRedesign",
    "enabled": true,
    "variant": {
      "name": "disabled",
      "payload": {}
    }
  },
  "DbcBuilderAccountBuilderSettings": {
    "name": "DbcBuilderAccountBuilderSettings",
    "enabled": true,
    "variant": {
      "name": "disabled",
      "payload": {}
    }
  },
  "DbcDisableV1SubscriptionSignup": {
    "name": "DbcDisableV1SubscriptionSignup",
    "enabled": true,
    "variant": {
      "name": "disabled",
      "payload": {}
    }
  },
  "DbcOverrideEntitlementsCBAPI": {
    "name": "DbcOverrideEntitlementsCBAPI",
    "enabled": true,
    "variant": {
      "name": "disabled",
      "payload": {}
    }
  },
  "DbcPromoDiscountedMinutes": {
    "name": "DbcPromoDiscountedMinutes",
    "enabled": true,
    "variant": {
      "name": "disabled",
      "payload": {}
    }
  },
  "DbcPromoFreeTrial": {
    "name": "DbcPromoFreeTrial",
    "enabled": true,
    "variant": {
      "name": "disabled",
      "payload": {}
    }
  },
  "DefaultHostOnlyPortBinding": {
    "name": "DefaultHostOnlyPortBinding",
    "enabled": true,
    "variant": {
      "name": "disabled",
      "payload": {}
    }
  },
  "DeprecateHubOrgManagement": {
    "name": "DeprecateHubOrgManagement",
    "enabled": true,
    "variant": {
      "name": "disabled",
      "payload": {}
    }
  },
  "DeprecateSSOEndpoints": {
    "name": "DeprecateSSOEndpoints",
    "enabled": true,
    "variant": {
      "name": "disabled",
      "payload": {}
    }
  },
  "DesktopCagent": {
    "name": "DesktopCagent",
    "enabled": true,
    "variant": {
      "name": "disabled",
      "payload": {}
    }
  },
  "DesktopContentSecurityPolicy": {
    "name": "DesktopContentSecurityPolicy",
    "enabled": true,
    "variant": {
      "name": "disabled",
      "payload": {}
    }
  },
  "DesktopIPv6NetworkSettings": {
    "name": "DesktopIPv6NetworkSettings",
    "enabled": true,
    "variant": {
      "name": "disabled",
      "payload": {}
    }
  },
  "DesktopMarlinTracking": {
    "name": "DesktopMarlinTracking",
    "enabled": true,
    "variant": {
      "name": "disabled",
      "payload": {}
    }
  },
  "DesktopModules": {
    "name": "DesktopModules",
    "enabled": true,
    "variant": {
      "name": "disabled",
      "payload": {}
    }
  },
  "DesktopMonitorTracking": {
    "name": "DesktopMonitorTracking",
    "enabled": true,
    "variant": {
      "name": "disabled",
      "payload": {}
    }
  },
  "DesktopPortBindingControls": {
    "name": "DesktopPortBindingControls",
    "enabled": true,
    "variant": {
      "name": "disabled",
      "payload": {}
    }
  },
  "DesktopSegmentTracking": {
    "name": "DesktopSegmentTracking",
    "enabled": true,
    "variant": {
      "name": "disabled",
      "payload": {}
    }
  },
  "DesktopTerminal": {
    "name": "DesktopTerminal",
    "enabled": true,
    "variant": {
      "name": "disabled",
      "payload": {}
    }
  },
  "DockerCloudAnnouncement": {
    "name": "DockerCloudAnnouncement",
    "enabled": true,
    "variant": {
      "name": "disabled",
      "payload": {}
    }
  },
  "DockerDesktopMCPToolsTab": {
    "name": "DockerDesktopMCPToolsTab",
    "enabled": true,
    "variant": {
      "name": "disabled",
      "payload": {}
    }
  },
  "DockerMcpToolsOAuthTab": {
    "name": "DockerMcpToolsOAuthTab",
    "enabled": true,
    "variant": {
      "name": "disabled",
      "payload": {}
    }
  },
  "DockerPublicImageUsage": {
    "name": "DockerPublicImageUsage",
    "enabled": true,
    "variant": {
      "name": "disabled",
      "payload": {}
    }
  },
  "DomainAutoProvisioning": {
    "name": "DomainAutoProvisioning",
    "enabled": true,
    "variant": {
      "name": "disabled",
      "payload": {}
    }
  },
  "DynamicWalkthroughs": {
    "name": "DynamicWalkthroughs",
    "enabled": true,
    "variant": {
      "name": "disabled",
      "payload": {}
    }
  },
  "ElectronStatePersistence": {
    "name": "ElectronStatePersistence",
    "enabled": true,
    "variant": {
      "name": "disabled",
      "payload": {}
    }
  },
  "ElectronV8CacheOptions": {
    "name": "ElectronV8CacheOptions",
    "enabled": true,
    "variant": {
      "name": "bypassHeatCheck",
      "payload": {
        "type": "string",
        "value": "bypassHeatCheck"
      }
    }
  },
  "EnforceM2MAccessControlCheck": {
    "name": "EnforceM2MAccessControlCheck",
    "enabled": true,
    "variant": {
      "name": "disabled",
      "payload": {}
    }
  },
  "FrontendHCaptcha": {
    "name": "FrontendHCaptcha",
    "enabled": true,
    "variant": {
      "name": "disabled",
      "payload": {}
    }
  },
  "GlobalSearch": {
    "name": "GlobalSearch",
    "enabled": true,
    "variant": {
      "name": "disabled",
      "payload": {}
    }
  },
  "GlobalSearchV2": {
    "name": "GlobalSearchV2",
    "enabled": true,
    "variant": {
      "name": "disabled",
      "payload": {}
    }
  },
  "HeaderLayout": {
    "name": "HeaderLayout",
    "enabled": true,
    "variant": {
      "name": "disabled",
      "payload": {}
    }
  },
  "HubDHIBulkUserRequestModal": {
    "name": "HubDHIBulkUserRequestModal",
    "enabled": true,
    "variant": {
      "name": "disabled",
      "payload": {}
    }
  },
  "HubNewDVPPInsights": {
    "name": "HubNewDVPPInsights",
    "enabled": true,
    "variant": {
      "name": "disabled",
      "payload": {}
    }
  },
  "HubOverviewPageExperiment": {
    "name": "HubOverviewPageExperiment",
    "enabled": true,
    "variant": {
      "name": "side",
      "payload": {}
    }
  },
  "HubRepositoryAllowlist": {
    "name": "HubRepositoryAllowlist",
    "enabled": true,
    "variant": {
      "name": "disabled",
      "payload": {}
    }
  },
  "HubSearchBoostResults": {
    "name": "HubSearchBoostResults",
    "enabled": true,
    "variant": {
      "name": "disabled",
      "payload": {}
    }
  },
  "HubUsagePullLimits": {
    "name": "HubUsagePullLimits",
    "enabled": true,
    "variant": {
      "name": "disabled",
      "payload": {}
    }
  },
  "HubUsageStorageLimits": {
    "name": "HubUsageStorageLimits",
    "enabled": true,
    "variant": {
      "name": "disabled",
      "payload": {}
    }
  },
  "IPv6": {
    "name": "IPv6",
    "enabled": true,
    "variant": {
      "name": "disabled",
      "payload": {}
    }
  },
  "IdleMemSaver": {
    "name": "IdleMemSaver",
    "enabled": true,
    "variant": {
      "name": "disabled",
      "payload": {}
    }
  },
  "IdlePause": {
    "name": "IdlePause",
    "enabled": true,
    "variant": {
      "name": "disabled",
      "payload": {}
    }
  },
  "IdleShutdown": {
    "name": "IdleShutdown",
    "enabled": true,
    "variant": {
      "name": "disabled",
      "payload": {}
    }
  },
  "ImageScreen2": {
    "name": "ImageScreen2",
    "enabled": true,
    "variant": {
      "name": "disabled",
      "payload": {}
    }
  },
  "ImagesWalkthroughsLeadIn": {
    "name": "ImagesWalkthroughsLeadIn",
    "enabled": true,
    "variant": {
      "name": "disabled",
      "payload": {}
    }
  },
  "InAppFeedback": {
    "name": "InAppFeedback",
    "enabled": true,
    "variant": {
      "name": "disabled",
      "payload": {}
    }
  },
  "InferenceAvailable": {
    "name": "InferenceAvailable",
    "enabled": true,
    "variant": {
      "name": "disabled",
      "payload": {}
    }
  },
  "InsightsDashboardExport": {
    "name": "InsightsDashboardExport",
    "enabled": true,
    "variant": {
      "name": "disabled",
      "payload": {}
    }
  },
  "KubernetesNextGenUI": {
    "name": "KubernetesNextGenUI",
    "enabled": true,
    "variant": {
      "name": "disabled",
      "payload": {}
    }
  },
  "KubernetesReportErrors": {
    "name": "KubernetesReportErrors",
    "enabled": true,
    "variant": {
      "name": "disabled",
      "payload": {}
    }
  },
  "LearningCenter": {
    "name": "LearningCenter",
    "enabled": true,
    "variant": {
      "name": "disabled",
      "payload": {}
    }
  },
  "LearningCenterAIML": {
    "name": "LearningCenterAIML",
    "enabled": true,
    "variant": {
      "name": "disabled",
      "payload": {}
    }
  },
  "LearningCenterV2": {
    "name": "LearningCenterV2",
    "enabled": true,
    "variant": {
      "name": "disabled",
      "payload": {}
    }
  },
  "ListUserOrgsQueryOptmization": {
    "name": "ListUserOrgsQueryOptmization",
    "enabled": true,
    "variant": {
      "name": "v2",
      "payload": {}
    }
  },
  "LoginPromptV2": {
    "name": "LoginPromptV2",
    "enabled": true,
    "variant": {
      "name": "disabled",
      "payload": {}
    }
  },
  "LoginUpdatePrompt": {
    "name": "LoginUpdatePrompt",
    "enabled": true,
    "variant": {
      "name": "disabled",
      "payload": {}
    }
  },
  "MCPOnboardingM1": {
    "name": "MCPOnboardingM1",
    "enabled": true,
    "variant": {
      "name": "disabled",
      "payload": {}
    }
  },
  "MarketplaceFeaturedExtensions": {
    "name": "MarketplaceFeaturedExtensions",
    "enabled": true,
    "variant": {
      "name": "chip",
      "payload": {
        "type": "string",
        "value": "chip"
      }
    }
  },
  "McpOauthDcr": {
    "name": "McpOauthDcr",
    "enabled": true,
    "variant": {
      "name": "disabled",
      "payload": {}
    }
  },
  "ModulesSilentUpdate": {
    "name": "ModulesSilentUpdate",
    "enabled": true,
    "variant": {
      "name": "disabled",
      "payload": {}
    }
  },
  "MultiIdpLogin": {
    "name": "MultiIdpLogin",
    "enabled": true,
    "variant": {
      "name": "disabled",
      "payload": {}
    }
  },
  "MultiIdpManagement": {
    "name": "MultiIdpManagement",
    "enabled": true,
    "variant": {
      "name": "disabled",
      "payload": {}
    }
  },
  "MultiNodeKubernetes": {
    "name": "MultiNodeKubernetes",
    "enabled": true,
    "variant": {
      "name": "disabled",
      "payload": {}
    }
  },
  "NewPersonalAccessTokensEnabled": {
    "name": "NewPersonalAccessTokensEnabled",
    "enabled": true,
    "variant": {
      "name": "disabled",
      "payload": {}
    }
  },
  "NotificationCenter": {
    "name": "NotificationCenter",
    "enabled": true,
    "variant": {
      "name": "disabled",
      "payload": {}
    }
  },
  "OffloadAllowInteractionInIdleMode": {
    "name": "OffloadAllowInteractionInIdleMode",
    "enabled": true,
    "variant": {
      "name": "disabled",
      "payload": {}
    }
  },
  "OffloadAnalyticsEnabled": {
    "name": "OffloadAnalyticsEnabled",
    "enabled": true,
    "variant": {
      "name": "disabled",
      "payload": {}
    }
  },
  "OrgAccessTokensResources": {
    "name": "OrgAccessTokensResources",
    "enabled": true,
    "variant": {
      "name": "disabled",
      "payload": {}
    }
  },
  "OtelCollector": {
    "name": "OtelCollector",
    "enabled": true,
    "variant": {
      "name": "disabled",
      "payload": {}
    }
  },
  "PrivateExtensionMarketplace": {
    "name": "PrivateExtensionMarketplace",
    "enabled": true,
    "variant": {
      "name": "disabled",
      "payload": {}
    }
  },
  "PublicRepoPulls": {
    "name": "PublicRepoPulls",
    "enabled": true,
    "variant": {
      "name": "disabled",
      "payload": {}
    }
  },
  "PublishersAnalyticsV2": {
    "name": "PublishersAnalyticsV2",
    "enabled": true,
    "variant": {
      "name": "disabled",
      "payload": {}
    }
  },
  "RAGDevelopmentM1": {
    "name": "RAGDevelopmentM1",
    "enabled": true,
    "variant": {
      "name": "disabled",
      "payload": {}
    }
  },
  "RAGDevelopmentM2": {
    "name": "RAGDevelopmentM2",
    "enabled": true,
    "variant": {
      "name": "disabled",
      "payload": {}
    }
  },
  "RAGDevelopmentM4": {
    "name": "RAGDevelopmentM4",
    "enabled": true,
    "variant": {
      "name": "disabled",
      "payload": {}
    }
  },
  "RbacAccountsApiPermissionCheck": {
    "name": "RbacAccountsApiPermissionCheck",
    "enabled": true,
    "variant": {
      "name": "disabled",
      "payload": {}
    }
  },
  "RbacAuditLogsPermissionCheck": {
    "name": "RbacAuditLogsPermissionCheck",
    "enabled": true,
    "variant": {
      "name": "disabled",
      "payload": {}
    }
  },
  "RbacBillingApiPermissionCheck": {
    "name": "RbacBillingApiPermissionCheck",
    "enabled": true,
    "variant": {
      "name": "disabled",
      "payload": {}
    }
  },
  "RbacEditorRole": {
    "name": "RbacEditorRole",
    "enabled": true,
    "variant": {
      "name": "disabled",
      "payload": {}
    }
  },
  "RbacInviteOptionalTeam": {
    "name": "RbacInviteOptionalTeam",
    "enabled": true,
    "variant": {
      "name": "disabled",
      "payload": {}
    }
  },
  "RbacSeatCount": {
    "name": "RbacSeatCount",
    "enabled": true,
    "variant": {
      "name": "disabled",
      "payload": {}
    }
  },
  "RbacSkipOwnersTeamCreation": {
    "name": "RbacSkipOwnersTeamCreation",
    "enabled": true,
    "variant": {
      "name": "disabled",
      "payload": {}
    }
  },
  "RbacUi": {
    "name": "RbacUi",
    "enabled": true,
    "variant": {
      "name": "disabled",
      "payload": {}
    }
  },
  "RbacUiPermissionCheck": {
    "name": "RbacUiPermissionCheck",
    "enabled": true,
    "variant": {
      "name": "disabled",
      "payload": {}
    }
  },
  "RegistryImageManagementDeletion": {
    "name": "RegistryImageManagementDeletion",
    "enabled": true,
    "variant": {
      "name": "disabled",
      "payload": {}
    }
  },
  "RejectSSOEnforcedPasswords": {
    "name": "RejectSSOEnforcedPasswords",
    "enabled": true,
    "variant": {
      "name": "disabled",
      "payload": {}
    }
  },
  "ReposNewAccessControlEnabled": {
    "name": "ReposNewAccessControlEnabled",
    "enabled": true,
    "variant": {
      "name": "disabled",
      "payload": {}
    }
  },
  "ResourceUsage": {
    "name": "ResourceUsage",
    "enabled": true,
    "variant": {
      "name": "disabled",
      "payload": {}
    }
  },
  "SCIMNewGetUserQuery": {
    "name": "SCIMNewGetUserQuery",
    "enabled": true,
    "variant": {
      "name": "disabled",
      "payload": {}
    }
  },
  "ScoutHealthScoresDesktop": {
    "name": "ScoutHealthScoresDesktop",
    "enabled": true,
    "variant": {
      "name": "disabled",
      "payload": {}
    }
  },
  "ScoutNotifications": {
    "name": "ScoutNotifications",
    "enabled": true,
    "variant": {
      "name": "disabled",
      "payload": {}
    }
  },
  "ScoutPurchasePage": {
    "name": "ScoutPurchasePage",
    "enabled": true,
    "variant": {
      "name": "disabled",
      "payload": {}
    }
  },
  "SearchNamespaceFilter": {
    "name": "SearchNamespaceFilter",
    "enabled": true,
    "variant": {
      "name": "disabled",
      "payload": {}
    }
  },
  "SecuringHubPersonalNamespacesOrgs": {
    "name": "SecuringHubPersonalNamespacesOrgs",
    "enabled": true,
    "variant": {
      "name": "disabled",
      "payload": {}
    }
  },
  "SelfServeBankDebit": {
    "name": "SelfServeBankDebit",
    "enabled": true,
    "variant": {
      "name": "disabled",
      "payload": {}
    }
  },
  "SelfServePayByInvoice": {
    "name": "SelfServePayByInvoice",
    "enabled": true,
    "variant": {
      "name": "disabled",
      "payload": {}
    }
  },
  "SelfServePayByInvoicePhase1": {
    "name": "SelfServePayByInvoicePhase1",
    "enabled": true,
    "variant": {
      "name": "disabled",
      "payload": {}
    }
  },
  "SettingsSearch": {
    "name": "SettingsSearch",
    "enabled": true,
    "variant": {
      "name": "disabled",
      "payload": {}
    }
  },
  "SidebarLayout": {
    "name": "SidebarLayout",
    "enabled": true,
    "variant": {
      "name": "disabled",
      "payload": {}
    }
  },
  "SignInNudge": {
    "name": "SignInNudge",
    "enabled": true,
    "variant": {
      "name": "disabled",
      "payload": {}
    }
  },
  "SignupEmailTypeTabs": {
    "name": "SignupEmailTypeTabs",
    "enabled": true,
    "variant": {
      "name": "disabled",
      "payload": {}
    }
  },
  "SignupEmailVerification": {
    "name": "SignupEmailVerification",
    "enabled": true,
    "variant": {
      "name": "disabled",
      "payload": {}
    }
  },
  "SignupReCaptchaInvisible": {
    "name": "SignupReCaptchaInvisible",
    "enabled": true,
    "variant": {
      "name": "disabled",
      "payload": {}
    }
  },
  "SocialLoginAuth0": {
    "name": "SocialLoginAuth0",
    "enabled": true,
    "variant": {
      "name": "disabled",
      "payload": {}
    }
  },
  "SocialLoginChooseUsername": {
    "name": "SocialLoginChooseUsername",
    "enabled": true,
    "variant": {
      "name": "disabled",
      "payload": {}
    }
  },
  "StoreAdmin": {
    "name": "StoreAdmin",
    "enabled": true,
    "variant": {
      "name": "disabled",
      "payload": {}
    }
  },
  "SupportFormAppUI": {
    "name": "SupportFormAppUI",
    "enabled": true,
    "variant": {
      "name": "disabled",
      "payload": {}
    }
  },
  "SupportFormConditionalRecaptcha": {
    "name": "SupportFormConditionalRecaptcha",
    "enabled": true,
    "variant": {
      "name": "disabled",
      "payload": {}
    }
  },
  "SupportFormGordon": {
    "name": "SupportFormGordon",
    "enabled": true,
    "variant": {
      "name": "disabled",
      "payload": {}
    }
  },
  "SupportFormRedirectToAppUI": {
    "name": "SupportFormRedirectToAppUI",
    "enabled": true,
    "variant": {
      "name": "disabled",
      "payload": {}
    }
  },
  "SupportToolingNewSupportFormFeatureVisible": {
    "name": "SupportToolingNewSupportFormFeatureVisible",
    "enabled": true,
    "variant": {
      "name": "disabled",
      "payload": {}
    }
  },
  "TestDesktopSignup": {
    "name": "TestDesktopSignup",
    "enabled": true,
    "variant": {
      "name": "disabled",
      "payload": {}
    }
  },
  "TrackComposeCliCommands": {
    "name": "TrackComposeCliCommands",
    "enabled": true,
    "variant": {
      "name": "disabled",
      "payload": {}
    }
  },
  "TrackTrustedImages": {
    "name": "TrackTrustedImages",
    "enabled": true,
    "variant": {
      "name": "disabled",
      "payload": {}
    }
  },
  "TrackUIViews": {
    "name": "TrackUIViews",
    "enabled": true,
    "variant": {
      "name": "disabled",
      "payload": {}
    }
  },
  "TrayMenuV2": {
    "name": "TrayMenuV2",
    "enabled": true,
    "variant": {
      "name": "disabled",
      "payload": {}
    }
  },
  "UnassociatedMachineInsightsData": {
    "name": "UnassociatedMachineInsightsData",
    "enabled": true,
    "variant": {
      "name": "disabled",
      "payload": {}
    }
  },
  "UnifiedAppPersistedContext": {
    "name": "UnifiedAppPersistedContext",
    "enabled": true,
    "variant": {
      "name": "disabled",
      "payload": {}
    }
  },
  "UntitledUiIcons": {
    "name": "UntitledUiIcons",
    "enabled": true,
    "variant": {
      "name": "disabled",
      "payload": {}
    }
  },
  "UpdateOsNotifications": {
    "name": "UpdateOsNotifications",
    "enabled": true,
    "variant": {
      "name": "disabled",
      "payload": {}
    }
  },
  "UseAuthUIForDesktopLogin": {
    "name": "UseAuthUIForDesktopLogin",
    "enabled": true,
    "variant": {
      "name": "disabled",
      "payload": {}
    }
  },
  "UseNewLayoutTemplate": {
    "name": "UseNewLayoutTemplate",
    "enabled": true,
    "variant": {
      "name": "disabled",
      "payload": {}
    }
  },
  "UseTermsCancellationIntervention": {
    "name": "UseTermsCancellationIntervention",
    "enabled": true,
    "variant": {
      "name": "disabled",
      "payload": {}
    }
  },
  "VolumesBackupAndShare": {
    "name": "VolumesBackupAndShare",
    "enabled": true,
    "variant": {
      "name": "disabled",
      "payload": {}
    }
  },
  "VolumesBackupAndShareM2": {
    "name": "VolumesBackupAndShareM2",
    "enabled": true,
    "variant": {
      "name": "disabled",
      "payload": {}
    }
  },
  "VolumesCloudBackup": {
    "name": "VolumesCloudBackup",
    "enabled": true,
    "variant": {
      "name": "disabled",
      "payload": {}
    }
  },
  "VolumesWalkthroughsLeadIn": {
    "name": "VolumesWalkthroughsLeadIn",
    "enabled": true,
    "variant": {
      "name": "disabled",
      "payload": {}
    }
  },
  "WSL2CompactVhdx": {
    "name": "WSL2CompactVhdx",
    "enabled": true,
    "variant": {
      "name": "disabled",
      "payload": {}
    }
  },
  "WSL2MonoDistroMigrationP2_1": {
    "name": "WSL2MonoDistroMigrationP2_1",
    "enabled": true,
    "variant": {
      "name": "disabled",
      "payload": {}
    }
  },
  "WSL2MonoDistroMigrationP2_1_1": {
    "name": "WSL2MonoDistroMigrationP2_1_1",
    "enabled": true,
    "variant": {
      "name": "disabled",
      "payload": {}
    }
  },
  "WSL2MonoDistroP1": {
    "name": "WSL2MonoDistroP1",
    "enabled": true,
    "variant": {
      "name": "disabled",
      "payload": {}
    }
  },
  "Walkthroughs": {
    "name": "Walkthroughs",
    "enabled": true,
    "variant": {
      "name": "disabled",
      "payload": {}
    }
  },
  "WalkthroughsLeadIn": {
    "name": "WalkthroughsLeadIn",
    "enabled": true,
    "variant": {
      "name": "disabled",
      "payload": {}
    }
  },
  "WebPlatformAvoidAbortSignalAny": {
    "name": "WebPlatformAvoidAbortSignalAny",
    "enabled": true,
    "variant": {
      "name": "disabled",
      "payload": {}
    }
  },
  "WebPlatformDedupeRequests": {
    "name": "WebPlatformDedupeRequests",
    "enabled": true,
    "variant": {
      "name": "disabled",
      "payload": {}
    }
  },
  "WebPlatformRouteCache": {
    "name": "WebPlatformRouteCache",
    "enabled": true,
    "variant": {
      "name": "disabled",
      "payload": {}
    }
  },
  "WebPlatformUnifiedWebApp": {
    "name": "WebPlatformUnifiedWebApp",
    "enabled": true,
    "variant": {
      "name": "disabled",
      "payload": {}
    }
  },
  "WelcomeBack": {
    "name": "WelcomeBack",
    "enabled": true,
    "variant": {
      "name": "disabled",
      "payload": {}
    }
  },
  "WelcomeSurveyV2": {
    "name": "WelcomeSurveyV2",
    "enabled": true,
    "variant": {
      "name": "disabled",
      "payload": {}
    }
  }
}
