{
  "date_local": "2026-02-25 10:25:42.6217378 +0530 IST",
  "date_utc": "2026-02-25 04:55:42.6217378 +0000 UTC",
  "date_unix": 1771995342,
  "os_arch": "amd64",
  "os_name": "windows",
  "os_variant": "Microsoft Windows 11 Home Single Language",
  "os_version": "10.0.26200",
  "os_kernel_version": "10.0.26100.7705",
  "os_build_number": "26200",
  "time_boot": "0001-01-01 00:00:00 +0000 UTC",
  "time_up_seconds": 63907592142,
  "hypervisor_status": "",
  "virt_system": "unknown",
  "mem_total": 16849293312,
  "mem_free": 2686185472,
  "cpu_cores": 10,
  "cpu_threads": 12,
  "cpu_family": "Intel64 Family 6 Model 154 Stepping 4",
  "cpu_model": "Intel64 Family 6 Model 154 Stepping 4",
  "cpu_stepping": "Intel64 Family 6 Model 154 Stepping 4",
  "cpu_name": "12th Gen Intel(R) Core(TM) i5-1235U",
  "cpu_flags": null
}
